x,y,elevation
0.0,0.0,
10.0,0.0,
20.0,0.0,
30.0,0.0,
40.0,0.0,
50.0,0.0,
60.0,0.0,
70.0,0.0,
80.0,0.0,
90.0,0.0,
100.0,0.0,
110.0,0.0,
120.0,0.0,
130.0,0.0,
140.0,0.0,
150.0,0.0,
160.0,0.0,
170.0,0.0,
180.0,0.0,
190.0,0.0,
200.0,0.0,
210.0,0.0,
220.0,0.0,
230.0,0.0,
240.0,0.0,
250.0,0.0,
260.0,0.0,
270.0,0.0,
280.0,0.0,
290.0,0.0,
300.0,0.0,
310.0,0.0,
320.0,0.0,
330.0,0.0,
340.0,0.0,
350.0,0.0,
360.0,0.0,
370.0,0.0,
380.0,0.0,
390.0,0.0,
400.0,0.0,
410.0,0.0,
420.0,0.0,
430.0,0.0,
440.0,0.0,
450.0,0.0,
460.0,0.0,
470.0,0.0,
480.0,0.0,
490.0,0.0,
500.0,0.0,
510.0,0.0,
520.0,0.0,
530.0,0.0,
540.0,0.0,
550.0,0.0,
560.0,0.0,
570.0,0.0,
580.0,0.0,
590.0,0.0,
600.0,0.0,
610.0,0.0,
620.0,0.0,
630.0,0.0,
640.0,0.0,
650.0,0.0,
660.0,0.0,
670.0,0.0,
680.0,0.0,
690.0,0.0,
700.0,0.0,
710.0,0.0,
720.0,0.0,
730.0,0.0,
740.0,0.0,
750.0,0.0,
0.0,10.0,
10.0,10.0,
20.0,10.0,
30.0,10.0,
40.0,10.0,
50.0,10.0,
60.0,10.0,
70.0,10.0,
80.0,10.0,
90.0,10.0,
100.0,10.0,
110.0,10.0,
120.0,10.0,
130.0,10.0,
140.0,10.0,
150.0,10.0,
160.0,10.0,
170.0,10.0,
180.0,10.0,
190.0,10.0,
200.0,10.0,
210.0,10.0,
220.0,10.0,
230.0,10.0,
240.0,10.0,
250.0,10.0,
260.0,10.0,
270.0,10.0,
280.0,10.0,
290.0,10.0,
300.0,10.0,
310.0,10.0,
320.0,10.0,
330.0,10.0,
340.0,10.0,
350.0,10.0,
360.0,10.0,
370.0,10.0,
380.0,10.0,
390.0,10.0,
400.0,10.0,
410.0,10.0,
420.0,10.0,
430.0,10.0,
440.0,10.0,
450.0,10.0,
460.0,10.0,
470.0,10.0,
480.0,10.0,
490.0,10.0,
500.0,10.0,
510.0,10.0,
520.0,10.0,
530.0,10.0,
540.0,10.0,
550.0,10.0,
560.0,10.0,
570.0,10.0,
580.0,10.0,
590.0,10.0,
600.0,10.0,
610.0,10.0,
620.0,10.0,
630.0,10.0,
640.0,10.0,
650.0,10.0,
660.0,10.0,
670.0,10.0,
680.0,10.0,
690.0,10.0,
700.0,10.0,
710.0,10.0,
720.0,10.0,
730.0,10.0,
740.0,10.0,
750.0,10.0,
0.0,20.0,
10.0,20.0,
20.0,20.0,
30.0,20.0,
40.0,20.0,
50.0,20.0,
60.0,20.0,
70.0,20.0,
80.0,20.0,
90.0,20.0,
100.0,20.0,
110.0,20.0,
120.0,20.0,
130.0,20.0,
140.0,20.0,
150.0,20.0,
160.0,20.0,
170.0,20.0,
180.0,20.0,
190.0,20.0,
200.0,20.0,
210.0,20.0,
220.0,20.0,
230.0,20.0,
240.0,20.0,
250.0,20.0,
260.0,20.0,
270.0,20.0,
280.0,20.0,
290.0,20.0,
300.0,20.0,
310.0,20.0,
320.0,20.0,
330.0,20.0,
340.0,20.0,
350.0,20.0,
360.0,20.0,
370.0,20.0,
380.0,20.0,
390.0,20.0,
400.0,20.0,
410.0,20.0,
420.0,20.0,
430.0,20.0,
440.0,20.0,
450.0,20.0,
460.0,20.0,
470.0,20.0,
480.0,20.0,
490.0,20.0,
500.0,20.0,
510.0,20.0,
520.0,20.0,
530.0,20.0,
540.0,20.0,
550.0,20.0,
560.0,20.0,
570.0,20.0,
580.0,20.0,
590.0,20.0,
600.0,20.0,
610.0,20.0,
620.0,20.0,
630.0,20.0,
640.0,20.0,
650.0,20.0,
660.0,20.0,
670.0,20.0,
680.0,20.0,
690.0,20.0,
700.0,20.0,
710.0,20.0,
720.0,20.0,
730.0,20.0,
740.0,20.0,
750.0,20.0,
0.0,30.0,
10.0,30.0,
20.0,30.0,
30.0,30.0,
40.0,30.0,
50.0,30.0,
60.0,30.0,
70.0,30.0,
80.0,30.0,
90.0,30.0,
100.0,30.0,
110.0,30.0,
120.0,30.0,
130.0,30.0,
140.0,30.0,
150.0,30.0,
160.0,30.0,
170.0,30.0,
180.0,30.0,
190.0,30.0,
200.0,30.0,
210.0,30.0,
220.0,30.0,
230.0,30.0,
240.0,30.0,
250.0,30.0,
260.0,30.0,
270.0,30.0,
280.0,30.0,
290.0,30.0,
300.0,30.0,
310.0,30.0,
320.0,30.0,
330.0,30.0,
340.0,30.0,
350.0,30.0,
360.0,30.0,
370.0,30.0,
380.0,30.0,
390.0,30.0,
400.0,30.0,
410.0,30.0,
420.0,30.0,
430.0,30.0,
440.0,30.0,
450.0,30.0,
460.0,30.0,
470.0,30.0,
480.0,30.0,
490.0,30.0,
500.0,30.0,
510.0,30.0,
520.0,30.0,
530.0,30.0,
540.0,30.0,
550.0,30.0,
560.0,30.0,
570.0,30.0,
580.0,30.0,
590.0,30.0,
600.0,30.0,
610.0,30.0,
620.0,30.0,
630.0,30.0,
640.0,30.0,
650.0,30.0,
660.0,30.0,
670.0,30.0,
680.0,30.0,
690.0,30.0,
700.0,30.0,
710.0,30.0,
720.0,30.0,
730.0,30.0,
740.0,30.0,
750.0,30.0,
0.0,40.0,
10.0,40.0,
20.0,40.0,
30.0,40.0,
40.0,40.0,
50.0,40.0,
60.0,40.0,
70.0,40.0,
80.0,40.0,
90.0,40.0,
100.0,40.0,
110.0,40.0,
120.0,40.0,
130.0,40.0,
140.0,40.0,
150.0,40.0,
160.0,40.0,
170.0,40.0,
180.0,40.0,
190.0,40.0,
200.0,40.0,
210.0,40.0,
220.0,40.0,
230.0,40.0,
240.0,40.0,
250.0,40.0,
260.0,40.0,
270.0,40.0,
280.0,40.0,
290.0,40.0,
300.0,40.0,
310.0,40.0,
320.0,40.0,
330.0,40.0,
340.0,40.0,
350.0,40.0,
360.0,40.0,
370.0,40.0,
380.0,40.0,
390.0,40.0,
400.0,40.0,
410.0,40.0,
420.0,40.0,
430.0,40.0,
440.0,40.0,
450.0,40.0,
460.0,40.0,
470.0,40.0,
480.0,40.0,
490.0,40.0,
500.0,40.0,
510.0,40.0,
520.0,40.0,
530.0,40.0,
540.0,40.0,
550.0,40.0,
560.0,40.0,
570.0,40.0,
580.0,40.0,
590.0,40.0,
600.0,40.0,
610.0,40.0,1711.0
620.0,40.0,1711.0
630.0,40.0,1710.0
640.0,40.0,1710.0
650.0,40.0,
660.0,40.0,
670.0,40.0,
680.0,40.0,
690.0,40.0,
700.0,40.0,
710.0,40.0,
720.0,40.0,
730.0,40.0,
740.0,40.0,
750.0,40.0,
0.0,50.0,
10.0,50.0,
20.0,50.0,
30.0,50.0,
40.0,50.0,
50.0,50.0,
60.0,50.0,
70.0,50.0,
80.0,50.0,
90.0,50.0,
100.0,50.0,
110.0,50.0,
120.0,50.0,
130.0,50.0,
140.0,50.0,
150.0,50.0,
160.0,50.0,
170.0,50.0,
180.0,50.0,
190.0,50.0,
200.0,50.0,
210.0,50.0,
220.0,50.0,
230.0,50.0,
240.0,50.0,
250.0,50.0,
260.0,50.0,
270.0,50.0,
280.0,50.0,
290.0,50.0,
300.0,50.0,
310.0,50.0,
320.0,50.0,
330.0,50.0,
340.0,50.0,
350.0,50.0,
360.0,50.0,
370.0,50.0,
380.0,50.0,1700.0
390.0,50.0,1701.0
400.0,50.0,1701.0
410.0,50.0,
420.0,50.0,
430.0,50.0,
440.0,50.0,
450.0,50.0,
460.0,50.0,
470.0,50.0,
480.0,50.0,
490.0,50.0,
500.0,50.0,
510.0,50.0,
520.0,50.0,
530.0,50.0,
540.0,50.0,
550.0,50.0,
560.0,50.0,
570.0,50.0,
580.0,50.0,
590.0,50.0,
600.0,50.0,1710.0
610.0,50.0,1710.0
620.0,50.0,1709.0
630.0,50.0,1708.0
640.0,50.0,1709.0
650.0,50.0,1708.0
660.0,50.0,
670.0,50.0,
680.0,50.0,
690.0,50.0,
700.0,50.0,
710.0,50.0,
720.0,50.0,
730.0,50.0,
740.0,50.0,
750.0,50.0,
0.0,60.0,
10.0,60.0,
20.0,60.0,
30.0,60.0,
40.0,60.0,
50.0,60.0,
60.0,60.0,
70.0,60.0,
80.0,60.0,
90.0,60.0,
100.0,60.0,
110.0,60.0,
120.0,60.0,
130.0,60.0,
140.0,60.0,
150.0,60.0,
160.0,60.0,
170.0,60.0,
180.0,60.0,
190.0,60.0,
200.0,60.0,
210.0,60.0,
220.0,60.0,
230.0,60.0,
240.0,60.0,
250.0,60.0,
260.0,60.0,
270.0,60.0,
280.0,60.0,
290.0,60.0,
300.0,60.0,
310.0,60.0,
320.0,60.0,
330.0,60.0,
340.0,60.0,
350.0,60.0,
360.0,60.0,
370.0,60.0,1700.0
380.0,60.0,1701.0
390.0,60.0,1699.0
400.0,60.0,1700.0
410.0,60.0,1701.0
420.0,60.0,
430.0,60.0,
440.0,60.0,
450.0,60.0,
460.0,60.0,
470.0,60.0,
480.0,60.0,
490.0,60.0,
500.0,60.0,
510.0,60.0,
520.0,60.0,
530.0,60.0,
540.0,60.0,
550.0,60.0,
560.0,60.0,
570.0,60.0,
580.0,60.0,
590.0,60.0,1711.0
600.0,60.0,1709.0
610.0,60.0,1709.0
620.0,60.0,1707.0
630.0,60.0,1707.0
640.0,60.0,1708.0
650.0,60.0,1707.0
660.0,60.0,
670.0,60.0,
680.0,60.0,
690.0,60.0,
700.0,60.0,
710.0,60.0,
720.0,60.0,
730.0,60.0,
740.0,60.0,
750.0,60.0,
0.0,70.0,
10.0,70.0,
20.0,70.0,
30.0,70.0,
40.0,70.0,
50.0,70.0,
60.0,70.0,
70.0,70.0,
80.0,70.0,
90.0,70.0,
100.0,70.0,
110.0,70.0,
120.0,70.0,
130.0,70.0,
140.0,70.0,
150.0,70.0,
160.0,70.0,
170.0,70.0,
180.0,70.0,
190.0,70.0,
200.0,70.0,
210.0,70.0,
220.0,70.0,
230.0,70.0,
240.0,70.0,
250.0,70.0,
260.0,70.0,
270.0,70.0,
280.0,70.0,
290.0,70.0,
300.0,70.0,
310.0,70.0,
320.0,70.0,1698.0
330.0,70.0,1699.0
340.0,70.0,1701.0
350.0,70.0,1700.0
360.0,70.0,1699.0
370.0,70.0,1699.0
380.0,70.0,1700.0
390.0,70.0,1699.0
400.0,70.0,1699.0
410.0,70.0,1704.0
420.0,70.0,
430.0,70.0,
440.0,70.0,
450.0,70.0,
460.0,70.0,
470.0,70.0,
480.0,70.0,1706.0
490.0,70.0,1706.0
500.0,70.0,
510.0,70.0,
520.0,70.0,
530.0,70.0,
540.0,70.0,
550.0,70.0,1709.0
560.0,70.0,1710.0
570.0,70.0,1710.0
580.0,70.0,1710.0
590.0,70.0,1710.0
600.0,70.0,1707.0
610.0,70.0,1708.0
620.0,70.0,1704.0
630.0,70.0,1704.0
640.0,70.0,1706.0
650.0,70.0,1704.0
660.0,70.0,1706.0
670.0,70.0,
680.0,70.0,
690.0,70.0,
700.0,70.0,
710.0,70.0,
720.0,70.0,
730.0,70.0,
740.0,70.0,
750.0,70.0,
0.0,80.0,
10.0,80.0,
20.0,80.0,
30.0,80.0,
40.0,80.0,
50.0,80.0,
60.0,80.0,
70.0,80.0,
80.0,80.0,
90.0,80.0,
100.0,80.0,
110.0,80.0,
120.0,80.0,
130.0,80.0,
140.0,80.0,
150.0,80.0,
160.0,80.0,
170.0,80.0,
180.0,80.0,
190.0,80.0,
200.0,80.0,
210.0,80.0,
220.0,80.0,
230.0,80.0,
240.0,80.0,
250.0,80.0,
260.0,80.0,
270.0,80.0,
280.0,80.0,
290.0,80.0,1700.0
300.0,80.0,1698.0
310.0,80.0,1698.0
320.0,80.0,1697.0
330.0,80.0,1698.0
340.0,80.0,1698.0
350.0,80.0,1700.0
360.0,80.0,1697.0
370.0,80.0,1698.0
380.0,80.0,1697.0
390.0,80.0,1699.0
400.0,80.0,1700.0
410.0,80.0,1702.0
420.0,80.0,1702.0
430.0,80.0,1705.0
440.0,80.0,1705.0
450.0,80.0,1706.0
460.0,80.0,1706.0
470.0,80.0,1706.0
480.0,80.0,1705.0
490.0,80.0,1706.0
500.0,80.0,1705.0
510.0,80.0,1707.0
520.0,80.0,1709.0
530.0,80.0,1706.0
540.0,80.0,1706.0
550.0,80.0,1708.0
560.0,80.0,1708.0
570.0,80.0,1709.0
580.0,80.0,1708.0
590.0,80.0,1706.0
600.0,80.0,1705.0
610.0,80.0,1705.0
620.0,80.0,1701.0
630.0,80.0,1700.0
640.0,80.0,1700.0
650.0,80.0,1701.0
660.0,80.0,1704.0
670.0,80.0,1702.0
680.0,80.0,
690.0,80.0,
700.0,80.0,
710.0,80.0,
720.0,80.0,
730.0,80.0,
740.0,80.0,
750.0,80.0,
0.0,90.0,
10.0,90.0,
20.0,90.0,
30.0,90.0,
40.0,90.0,
50.0,90.0,
60.0,90.0,
70.0,90.0,
80.0,90.0,
90.0,90.0,
100.0,90.0,
110.0,90.0,
120.0,90.0,
130.0,90.0,
140.0,90.0,
150.0,90.0,
160.0,90.0,
170.0,90.0,
180.0,90.0,
190.0,90.0,
200.0,90.0,
210.0,90.0,
220.0,90.0,
230.0,90.0,
240.0,90.0,
250.0,90.0,
260.0,90.0,
270.0,90.0,
280.0,90.0,1701.0
290.0,90.0,1697.0
300.0,90.0,1697.0
310.0,90.0,1696.0
320.0,90.0,1697.0
330.0,90.0,1697.0
340.0,90.0,1696.0
350.0,90.0,1696.0
360.0,90.0,1694.0
370.0,90.0,1695.0
380.0,90.0,1697.0
390.0,90.0,1699.0
400.0,90.0,1700.0
410.0,90.0,1703.0
420.0,90.0,1704.0
430.0,90.0,1705.0
440.0,90.0,1704.0
450.0,90.0,1706.0
460.0,90.0,1705.0
470.0,90.0,1706.0
480.0,90.0,1702.0
490.0,90.0,1703.0
500.0,90.0,1705.0
510.0,90.0,1705.0
520.0,90.0,1708.0
530.0,90.0,1707.0
540.0,90.0,1703.0
550.0,90.0,1708.0
560.0,90.0,1708.0
570.0,90.0,1706.0
580.0,90.0,1706.0
590.0,90.0,1705.0
600.0,90.0,1703.0
610.0,90.0,1701.0
620.0,90.0,1699.0
630.0,90.0,1699.0
640.0,90.0,1699.0
650.0,90.0,1698.0
660.0,90.0,1700.0
670.0,90.0,1700.0
680.0,90.0,1700.0
690.0,90.0,
700.0,90.0,
710.0,90.0,
720.0,90.0,
730.0,90.0,
740.0,90.0,
750.0,90.0,
0.0,100.0,
10.0,100.0,
20.0,100.0,
30.0,100.0,
40.0,100.0,
50.0,100.0,
60.0,100.0,
70.0,100.0,
80.0,100.0,
90.0,100.0,
100.0,100.0,
110.0,100.0,
120.0,100.0,
130.0,100.0,
140.0,100.0,
150.0,100.0,
160.0,100.0,
170.0,100.0,
180.0,100.0,
190.0,100.0,
200.0,100.0,
210.0,100.0,
220.0,100.0,
230.0,100.0,
240.0,100.0,
250.0,100.0,
260.0,100.0,
270.0,100.0,1698.0
280.0,100.0,1697.0
290.0,100.0,1698.0
300.0,100.0,1696.0
310.0,100.0,1695.0
320.0,100.0,1695.0
330.0,100.0,1695.0
340.0,100.0,1694.0
350.0,100.0,1694.0
360.0,100.0,1693.0
370.0,100.0,1693.0
380.0,100.0,1696.0
390.0,100.0,1698.0
400.0,100.0,1699.0
410.0,100.0,1701.0
420.0,100.0,1702.0
430.0,100.0,1705.0
440.0,100.0,1704.0
450.0,100.0,1704.0
460.0,100.0,1703.0
470.0,100.0,1704.0
480.0,100.0,1704.0
490.0,100.0,1702.0
500.0,100.0,1702.0
510.0,100.0,1702.0
520.0,100.0,1703.0
530.0,100.0,1704.0
540.0,100.0,1703.0
550.0,100.0,1706.0
560.0,100.0,1706.0
570.0,100.0,1705.0
580.0,100.0,1702.0
590.0,100.0,1703.0
600.0,100.0,1701.0
610.0,100.0,1698.0
620.0,100.0,1695.0
630.0,100.0,1694.0
640.0,100.0,1695.0
650.0,100.0,1696.0
660.0,100.0,1697.0
670.0,100.0,1697.0
680.0,100.0,1699.0
690.0,100.0,
700.0,100.0,
710.0,100.0,
720.0,100.0,
730.0,100.0,
740.0,100.0,
750.0,100.0,
0.0,110.0,
10.0,110.0,
20.0,110.0,
30.0,110.0,
40.0,110.0,
50.0,110.0,
60.0,110.0,
70.0,110.0,
80.0,110.0,
90.0,110.0,
100.0,110.0,
110.0,110.0,
120.0,110.0,
130.0,110.0,
140.0,110.0,
150.0,110.0,
160.0,110.0,
170.0,110.0,
180.0,110.0,
190.0,110.0,
200.0,110.0,
210.0,110.0,
220.0,110.0,
230.0,110.0,
240.0,110.0,1699.0
250.0,110.0,1698.0
260.0,110.0,1698.0
270.0,110.0,1698.0
280.0,110.0,1693.0
290.0,110.0,1693.0
300.0,110.0,1694.0
310.0,110.0,1693.0
320.0,110.0,1692.0
330.0,110.0,1692.0
340.0,110.0,1691.0
350.0,110.0,1689.0
360.0,110.0,1690.0
370.0,110.0,1693.0
380.0,110.0,1695.0
390.0,110.0,1697.0
400.0,110.0,1700.0
410.0,110.0,1701.0
420.0,110.0,1702.0
430.0,110.0,1702.0
440.0,110.0,1704.0
450.0,110.0,1702.0
460.0,110.0,1702.0
470.0,110.0,1703.0
480.0,110.0,1703.0
490.0,110.0,1701.0
500.0,110.0,1700.0
510.0,110.0,1699.0
520.0,110.0,1701.0
530.0,110.0,1702.0
540.0,110.0,1702.0
550.0,110.0,1705.0
560.0,110.0,1704.0
570.0,110.0,1702.0
580.0,110.0,1702.0
590.0,110.0,1700.0
600.0,110.0,1697.0
610.0,110.0,1695.0
620.0,110.0,1693.0
630.0,110.0,1691.0
640.0,110.0,1690.0
650.0,110.0,1690.0
660.0,110.0,1694.0
670.0,110.0,1694.0
680.0,110.0,1696.0
690.0,110.0,1696.0
700.0,110.0,1695.0
710.0,110.0,
720.0,110.0,
730.0,110.0,
740.0,110.0,
750.0,110.0,
0.0,120.0,
10.0,120.0,
20.0,120.0,
30.0,120.0,
40.0,120.0,
50.0,120.0,
60.0,120.0,
70.0,120.0,
80.0,120.0,
90.0,120.0,
100.0,120.0,
110.0,120.0,
120.0,120.0,
130.0,120.0,
140.0,120.0,
150.0,120.0,
160.0,120.0,
170.0,120.0,
180.0,120.0,
190.0,120.0,
200.0,120.0,
210.0,120.0,
220.0,120.0,1699.0
230.0,120.0,1700.0
240.0,120.0,1700.0
250.0,120.0,1697.0
260.0,120.0,1696.0
270.0,120.0,1694.0
280.0,120.0,1693.0
290.0,120.0,1692.0
300.0,120.0,1691.0
310.0,120.0,1690.0
320.0,120.0,1690.0
330.0,120.0,1690.0
340.0,120.0,1688.0
350.0,120.0,1687.0
360.0,120.0,1690.0
370.0,120.0,1692.0
380.0,120.0,1694.0
390.0,120.0,1697.0
400.0,120.0,1699.0
410.0,120.0,1701.0
420.0,120.0,1700.0
430.0,120.0,1701.0
440.0,120.0,1701.0
450.0,120.0,1702.0
460.0,120.0,1698.0
470.0,120.0,1700.0
480.0,120.0,1698.0
490.0,120.0,1698.0
500.0,120.0,1697.0
510.0,120.0,1699.0
520.0,120.0,1699.0
530.0,120.0,1700.0
540.0,120.0,1700.0
550.0,120.0,1699.0
560.0,120.0,1701.0
570.0,120.0,1700.0
580.0,120.0,1699.0
590.0,120.0,1699.0
600.0,120.0,1696.0
610.0,120.0,1693.0
620.0,120.0,1690.0
630.0,120.0,1687.0
640.0,120.0,1685.0
650.0,120.0,1687.0
660.0,120.0,1689.0
670.0,120.0,1691.0
680.0,120.0,1691.0
690.0,120.0,1691.0
700.0,120.0,1693.0
710.0,120.0,1693.0
720.0,120.0,1692.0
730.0,120.0,
740.0,120.0,
750.0,120.0,
0.0,130.0,
10.0,130.0,
20.0,130.0,
30.0,130.0,
40.0,130.0,
50.0,130.0,
60.0,130.0,
70.0,130.0,
80.0,130.0,
90.0,130.0,
100.0,130.0,
110.0,130.0,
120.0,130.0,
130.0,130.0,
140.0,130.0,
150.0,130.0,
160.0,130.0,
170.0,130.0,
180.0,130.0,
190.0,130.0,
200.0,130.0,
210.0,130.0,
220.0,130.0,1700.0
230.0,130.0,1698.0
240.0,130.0,1698.0
250.0,130.0,1695.0
260.0,130.0,1694.0
270.0,130.0,1692.0
280.0,130.0,1690.0
290.0,130.0,1689.0
300.0,130.0,1689.0
310.0,130.0,1689.0
320.0,130.0,1688.0
330.0,130.0,1687.0
340.0,130.0,1686.0
350.0,130.0,1686.0
360.0,130.0,1689.0
370.0,130.0,1692.0
380.0,130.0,1694.0
390.0,130.0,1696.0
400.0,130.0,1698.0
410.0,130.0,1699.0
420.0,130.0,1700.0
430.0,130.0,1700.0
440.0,130.0,1700.0
450.0,130.0,1699.0
460.0,130.0,1697.0
470.0,130.0,1696.0
480.0,130.0,1696.0
490.0,130.0,1695.0
500.0,130.0,1694.0
510.0,130.0,1697.0
520.0,130.0,1697.0
530.0,130.0,1699.0
540.0,130.0,1698.0
550.0,130.0,1698.0
560.0,130.0,1696.0
570.0,130.0,1698.0
580.0,130.0,1697.0
590.0,130.0,1696.0
600.0,130.0,1694.0
610.0,130.0,1691.0
620.0,130.0,1689.0
630.0,130.0,1685.0
640.0,130.0,1683.0
650.0,130.0,1681.0
660.0,130.0,1686.0
670.0,130.0,1687.0
680.0,130.0,1688.0
690.0,130.0,1687.0
700.0,130.0,1691.0
710.0,130.0,1689.0
720.0,130.0,1691.0
730.0,130.0,1691.0
740.0,130.0,
750.0,130.0,
0.0,140.0,
10.0,140.0,
20.0,140.0,
30.0,140.0,
40.0,140.0,
50.0,140.0,
60.0,140.0,
70.0,140.0,
80.0,140.0,
90.0,140.0,
100.0,140.0,
110.0,140.0,
120.0,140.0,
130.0,140.0,
140.0,140.0,
150.0,140.0,
160.0,140.0,
170.0,140.0,
180.0,140.0,
190.0,140.0,
200.0,140.0,1701.0
210.0,140.0,1700.0
220.0,140.0,1699.0
230.0,140.0,1698.0
240.0,140.0,1697.0
250.0,140.0,1695.0
260.0,140.0,1693.0
270.0,140.0,1690.0
280.0,140.0,1689.0
290.0,140.0,1687.0
300.0,140.0,1686.0
310.0,140.0,1685.0
320.0,140.0,1685.0
330.0,140.0,1685.0
340.0,140.0,1684.0
350.0,140.0,1685.0
360.0,140.0,1687.0
370.0,140.0,1691.0
380.0,140.0,1693.0
390.0,140.0,1694.0
400.0,140.0,1696.0
410.0,140.0,1696.0
420.0,140.0,1698.0
430.0,140.0,1698.0
440.0,140.0,1697.0
450.0,140.0,1696.0
460.0,140.0,1694.0
470.0,140.0,1693.0
480.0,140.0,1693.0
490.0,140.0,1692.0
500.0,140.0,1692.0
510.0,140.0,1694.0
520.0,140.0,1695.0
530.0,140.0,1696.0
540.0,140.0,1695.0
550.0,140.0,1696.0
560.0,140.0,1695.0
570.0,140.0,1696.0
580.0,140.0,1696.0
590.0,140.0,1693.0
600.0,140.0,1692.0
610.0,140.0,1690.0
620.0,140.0,1687.0
630.0,140.0,1683.0
640.0,140.0,1680.0
650.0,140.0,1679.0
660.0,140.0,1681.0
670.0,140.0,1684.0
680.0,140.0,1683.0
690.0,140.0,1686.0
700.0,140.0,1688.0
710.0,140.0,1688.0
720.0,140.0,1690.0
730.0,140.0,1688.0
740.0,140.0,
750.0,140.0,
0.0,150.0,
10.0,150.0,
20.0,150.0,
30.0,150.0,
40.0,150.0,
50.0,150.0,
60.0,150.0,
70.0,150.0,
80.0,150.0,
90.0,150.0,
100.0,150.0,
110.0,150.0,
120.0,150.0,
130.0,150.0,
140.0,150.0,
150.0,150.0,
160.0,150.0,
170.0,150.0,
180.0,150.0,
190.0,150.0,
200.0,150.0,
210.0,150.0,1701.0
220.0,150.0,1700.0
230.0,150.0,1698.0
240.0,150.0,1696.0
250.0,150.0,1694.0
260.0,150.0,1691.0
270.0,150.0,1689.0
280.0,150.0,1687.0
290.0,150.0,1685.0
300.0,150.0,1684.0
310.0,150.0,1683.0
320.0,150.0,1682.0
330.0,150.0,1682.0
340.0,150.0,1682.0
350.0,150.0,1684.0
360.0,150.0,1686.0
370.0,150.0,1690.0
380.0,150.0,1690.0
390.0,150.0,1691.0
400.0,150.0,1694.0
410.0,150.0,1694.0
420.0,150.0,1694.0
430.0,150.0,1695.0
440.0,150.0,1694.0
450.0,150.0,1693.0
460.0,150.0,1691.0
470.0,150.0,1691.0
480.0,150.0,1689.0
490.0,150.0,1689.0
500.0,150.0,1690.0
510.0,150.0,1692.0
520.0,150.0,1693.0
530.0,150.0,1694.0
540.0,150.0,1693.0
550.0,150.0,1692.0
560.0,150.0,1693.0
570.0,150.0,1693.0
580.0,150.0,1695.0
590.0,150.0,1694.0
600.0,150.0,1692.0
610.0,150.0,1688.0
620.0,150.0,1685.0
630.0,150.0,1682.0
640.0,150.0,1678.0
650.0,150.0,1676.0
660.0,150.0,1679.0
670.0,150.0,1679.0
680.0,150.0,1680.0
690.0,150.0,1683.0
700.0,150.0,1684.0
710.0,150.0,1685.0
720.0,150.0,1686.0
730.0,150.0,
740.0,150.0,
750.0,150.0,
0.0,160.0,
10.0,160.0,
20.0,160.0,
30.0,160.0,
40.0,160.0,
50.0,160.0,
60.0,160.0,
70.0,160.0,
80.0,160.0,
90.0,160.0,
100.0,160.0,
110.0,160.0,
120.0,160.0,
130.0,160.0,
140.0,160.0,
150.0,160.0,
160.0,160.0,
170.0,160.0,
180.0,160.0,
190.0,160.0,
200.0,160.0,
210.0,160.0,1701.0
220.0,160.0,1699.0
230.0,160.0,1699.0
240.0,160.0,1696.0
250.0,160.0,1694.0
260.0,160.0,1692.0
270.0,160.0,1689.0
280.0,160.0,1686.0
290.0,160.0,1685.0
300.0,160.0,1684.0
310.0,160.0,1683.0
320.0,160.0,1682.0
330.0,160.0,1681.0
340.0,160.0,1680.0
350.0,160.0,1682.0
360.0,160.0,1684.0
370.0,160.0,1686.0
380.0,160.0,1687.0
390.0,160.0,1687.0
400.0,160.0,1690.0
410.0,160.0,1692.0
420.0,160.0,1691.0
430.0,160.0,1690.0
440.0,160.0,1692.0
450.0,160.0,1691.0
460.0,160.0,1690.0
470.0,160.0,1689.0
480.0,160.0,1686.0
490.0,160.0,1685.0
500.0,160.0,1687.0
510.0,160.0,1689.0
520.0,160.0,1692.0
530.0,160.0,1692.0
540.0,160.0,1691.0
550.0,160.0,1689.0
560.0,160.0,1689.0
570.0,160.0,1691.0
580.0,160.0,1692.0
590.0,160.0,1693.0
600.0,160.0,1691.0
610.0,160.0,1688.0
620.0,160.0,1686.0
630.0,160.0,1682.0
640.0,160.0,1677.0
650.0,160.0,1675.0
660.0,160.0,1675.0
670.0,160.0,1676.0
680.0,160.0,1677.0
690.0,160.0,1680.0
700.0,160.0,1681.0
710.0,160.0,1683.0
720.0,160.0,1684.0
730.0,160.0,
740.0,160.0,
750.0,160.0,
0.0,170.0,
10.0,170.0,
20.0,170.0,
30.0,170.0,
40.0,170.0,
50.0,170.0,
60.0,170.0,
70.0,170.0,
80.0,170.0,
90.0,170.0,
100.0,170.0,
110.0,170.0,
120.0,170.0,
130.0,170.0,
140.0,170.0,
150.0,170.0,
160.0,170.0,
170.0,170.0,
180.0,170.0,
190.0,170.0,
200.0,170.0,
210.0,170.0,1701.0
220.0,170.0,1700.0
230.0,170.0,1699.0
240.0,170.0,1697.0
250.0,170.0,1694.0
260.0,170.0,1692.0
270.0,170.0,1688.0
280.0,170.0,1687.0
290.0,170.0,1687.0
300.0,170.0,1686.0
310.0,170.0,1685.0
320.0,170.0,1684.0
330.0,170.0,1682.0
340.0,170.0,1680.0
350.0,170.0,1680.0
360.0,170.0,1681.0
370.0,170.0,1683.0
380.0,170.0,1684.0
390.0,170.0,1685.0
400.0,170.0,1688.0
410.0,170.0,1688.0
420.0,170.0,1689.0
430.0,170.0,1688.0
440.0,170.0,1688.0
450.0,170.0,1689.0
460.0,170.0,1687.0
470.0,170.0,1685.0
480.0,170.0,1684.0
490.0,170.0,1683.0
500.0,170.0,1684.0
510.0,170.0,1688.0
520.0,170.0,1689.0
530.0,170.0,1690.0
540.0,170.0,1689.0
550.0,170.0,1686.0
560.0,170.0,1686.0
570.0,170.0,1688.0
580.0,170.0,1691.0
590.0,170.0,1690.0
600.0,170.0,1689.0
610.0,170.0,1687.0
620.0,170.0,1685.0
630.0,170.0,1681.0
640.0,170.0,1678.0
650.0,170.0,1675.0
660.0,170.0,1673.0
670.0,170.0,1673.0
680.0,170.0,1674.0
690.0,170.0,1676.0
700.0,170.0,1678.0
710.0,170.0,1680.0
720.0,170.0,1682.0
730.0,170.0,
740.0,170.0,
750.0,170.0,
0.0,180.0,
10.0,180.0,
20.0,180.0,
30.0,180.0,
40.0,180.0,
50.0,180.0,
60.0,180.0,
70.0,180.0,
80.0,180.0,
90.0,180.0,
100.0,180.0,
110.0,180.0,
120.0,180.0,
130.0,180.0,
140.0,180.0,
150.0,180.0,
160.0,180.0,
170.0,180.0,
180.0,180.0,
190.0,180.0,
200.0,180.0,1703.0
210.0,180.0,1701.0
220.0,180.0,1700.0
230.0,180.0,1698.0
240.0,180.0,1696.0
250.0,180.0,1693.0
260.0,180.0,1691.0
270.0,180.0,1689.0
280.0,180.0,1689.0
290.0,180.0,1690.0
300.0,180.0,1689.0
310.0,180.0,1687.0
320.0,180.0,1685.0
330.0,180.0,1684.0
340.0,180.0,1681.0
350.0,180.0,1679.0
360.0,180.0,1679.0
370.0,180.0,1680.0
380.0,180.0,1681.0
390.0,180.0,1682.0
400.0,180.0,1684.0
410.0,180.0,1684.0
420.0,180.0,1687.0
430.0,180.0,1685.0
440.0,180.0,1686.0
450.0,180.0,1687.0
460.0,180.0,1687.0
470.0,180.0,1684.0
480.0,180.0,1682.0
490.0,180.0,1681.0
500.0,180.0,1684.0
510.0,180.0,1687.0
520.0,180.0,1688.0
530.0,180.0,1689.0
540.0,180.0,1687.0
550.0,180.0,1685.0
560.0,180.0,1682.0
570.0,180.0,1685.0
580.0,180.0,1688.0
590.0,180.0,1688.0
600.0,180.0,1688.0
610.0,180.0,1687.0
620.0,180.0,1685.0
630.0,180.0,1681.0
640.0,180.0,1678.0
650.0,180.0,1676.0
660.0,180.0,1673.0
670.0,180.0,1671.0
680.0,180.0,1672.0
690.0,180.0,1673.0
700.0,180.0,1677.0
710.0,180.0,1678.0
720.0,180.0,1679.0
730.0,180.0,
740.0,180.0,
750.0,180.0,
0.0,190.0,
10.0,190.0,
20.0,190.0,
30.0,190.0,
40.0,190.0,
50.0,190.0,
60.0,190.0,
70.0,190.0,
80.0,190.0,
90.0,190.0,
100.0,190.0,
110.0,190.0,
120.0,190.0,
130.0,190.0,
140.0,190.0,
150.0,190.0,
160.0,190.0,
170.0,190.0,
180.0,190.0,
190.0,190.0,1704.0
200.0,190.0,1703.0
210.0,190.0,1702.0
220.0,190.0,1701.0
230.0,190.0,1698.0
240.0,190.0,1696.0
250.0,190.0,1694.0
260.0,190.0,1692.0
270.0,190.0,1691.0
280.0,190.0,1691.0
290.0,190.0,1692.0
300.0,190.0,1691.0
310.0,190.0,1690.0
320.0,190.0,1687.0
330.0,190.0,1685.0
340.0,190.0,1682.0
350.0,190.0,1680.0
360.0,190.0,1679.0
370.0,190.0,1678.0
380.0,190.0,1677.0
390.0,190.0,1677.0
400.0,190.0,1677.0
410.0,190.0,1681.0
420.0,190.0,1682.0
430.0,190.0,1682.0
440.0,190.0,1683.0
450.0,190.0,1683.0
460.0,190.0,1684.0
470.0,190.0,1682.0
480.0,190.0,1682.0
490.0,190.0,1680.0
500.0,190.0,1683.0
510.0,190.0,1686.0
520.0,190.0,1685.0
530.0,190.0,1687.0
540.0,190.0,1686.0
550.0,190.0,1683.0
560.0,190.0,1681.0
570.0,190.0,1681.0
580.0,190.0,1684.0
590.0,190.0,1686.0
600.0,190.0,1687.0
610.0,190.0,1686.0
620.0,190.0,1685.0
630.0,190.0,1681.0
640.0,190.0,1679.0
650.0,190.0,1676.0
660.0,190.0,1673.0
670.0,190.0,1671.0
680.0,190.0,1669.0
690.0,190.0,1671.0
700.0,190.0,1672.0
710.0,190.0,1675.0
720.0,190.0,1676.0
730.0,190.0,
740.0,190.0,
750.0,190.0,
0.0,200.0,
10.0,200.0,
20.0,200.0,
30.0,200.0,
40.0,200.0,
50.0,200.0,
60.0,200.0,
70.0,200.0,
80.0,200.0,
90.0,200.0,
100.0,200.0,
110.0,200.0,
120.0,200.0,
130.0,200.0,
140.0,200.0,
150.0,200.0,
160.0,200.0,
170.0,200.0,
180.0,200.0,
190.0,200.0,
200.0,200.0,1704.0
210.0,200.0,1702.0
220.0,200.0,1701.0
230.0,200.0,1699.0
240.0,200.0,1697.0
250.0,200.0,1696.0
260.0,200.0,1694.0
270.0,200.0,1695.0
280.0,200.0,1694.0
290.0,200.0,1694.0
300.0,200.0,1693.0
310.0,200.0,1691.0
320.0,200.0,1688.0
330.0,200.0,1686.0
340.0,200.0,1683.0
350.0,200.0,1683.0
360.0,200.0,1681.0
370.0,200.0,1680.0
380.0,200.0,1679.0
390.0,200.0,1677.0
400.0,200.0,1676.0
410.0,200.0,1676.0
420.0,200.0,1678.0
430.0,200.0,1680.0
440.0,200.0,1681.0
450.0,200.0,1680.0
460.0,200.0,1678.0
470.0,200.0,1679.0
480.0,200.0,1677.0
490.0,200.0,1678.0
500.0,200.0,1681.0
510.0,200.0,1683.0
520.0,200.0,1684.0
530.0,200.0,1685.0
540.0,200.0,1684.0
550.0,200.0,1682.0
560.0,200.0,1678.0
570.0,200.0,1680.0
580.0,200.0,1682.0
590.0,200.0,1684.0
600.0,200.0,1684.0
610.0,200.0,1684.0
620.0,200.0,1683.0
630.0,200.0,1680.0
640.0,200.0,1678.0
650.0,200.0,1676.0
660.0,200.0,1673.0
670.0,200.0,1671.0
680.0,200.0,1669.0
690.0,200.0,1668.0
700.0,200.0,1668.0
710.0,200.0,1671.0
720.0,200.0,1673.0
730.0,200.0,
740.0,200.0,
750.0,200.0,
0.0,210.0,
10.0,210.0,
20.0,210.0,
30.0,210.0,
40.0,210.0,
50.0,210.0,
60.0,210.0,
70.0,210.0,
80.0,210.0,
90.0,210.0,
100.0,210.0,
110.0,210.0,
120.0,210.0,
130.0,210.0,
140.0,210.0,
150.0,210.0,
160.0,210.0,
170.0,210.0,
180.0,210.0,
190.0,210.0,
200.0,210.0,1704.0
210.0,210.0,1703.0
220.0,210.0,1702.0
230.0,210.0,1701.0
240.0,210.0,1699.0
250.0,210.0,1698.0
260.0,210.0,1697.0
270.0,210.0,1697.0
280.0,210.0,1697.0
290.0,210.0,1696.0
300.0,210.0,1695.0
310.0,210.0,1692.0
320.0,210.0,1691.0
330.0,210.0,1689.0
340.0,210.0,1686.0
350.0,210.0,1685.0
360.0,210.0,1684.0
370.0,210.0,1682.0
380.0,210.0,1680.0
390.0,210.0,1679.0
400.0,210.0,1676.0
410.0,210.0,1676.0
420.0,210.0,1675.0
430.0,210.0,1675.0
440.0,210.0,1676.0
450.0,210.0,1677.0
460.0,210.0,1678.0
470.0,210.0,1677.0
480.0,210.0,1676.0
490.0,210.0,1678.0
500.0,210.0,1681.0
510.0,210.0,1682.0
520.0,210.0,1681.0
530.0,210.0,1683.0
540.0,210.0,1682.0
550.0,210.0,1679.0
560.0,210.0,1677.0
570.0,210.0,1678.0
580.0,210.0,1679.0
590.0,210.0,1681.0
600.0,210.0,1682.0
610.0,210.0,1682.0
620.0,210.0,1680.0
630.0,210.0,1678.0
640.0,210.0,1677.0
650.0,210.0,1675.0
660.0,210.0,1673.0
670.0,210.0,1671.0
680.0,210.0,1669.0
690.0,210.0,1668.0
700.0,210.0,1666.0
710.0,210.0,1668.0
720.0,210.0,1671.0
730.0,210.0,1671.0
740.0,210.0,
750.0,210.0,
0.0,220.0,
10.0,220.0,
20.0,220.0,
30.0,220.0,
40.0,220.0,
50.0,220.0,
60.0,220.0,
70.0,220.0,
80.0,220.0,
90.0,220.0,
100.0,220.0,
110.0,220.0,
120.0,220.0,
130.0,220.0,
140.0,220.0,
150.0,220.0,
160.0,220.0,
170.0,220.0,
180.0,220.0,
190.0,220.0,
200.0,220.0,1705.0
210.0,220.0,1704.0
220.0,220.0,1703.0
230.0,220.0,1702.0
240.0,220.0,1701.0
250.0,220.0,1700.0
260.0,220.0,1700.0
270.0,220.0,1699.0
280.0,220.0,1699.0
290.0,220.0,1698.0
300.0,220.0,1696.0
310.0,220.0,1694.0
320.0,220.0,1692.0
330.0,220.0,1691.0
340.0,220.0,1690.0
350.0,220.0,1688.0
360.0,220.0,1687.0
370.0,220.0,1685.0
380.0,220.0,1682.0
390.0,220.0,1681.0
400.0,220.0,1679.0
410.0,220.0,1678.0
420.0,220.0,1676.0
430.0,220.0,1675.0
440.0,220.0,1675.0
450.0,220.0,1674.0
460.0,220.0,1674.0
470.0,220.0,1676.0
480.0,220.0,1674.0
490.0,220.0,1676.0
500.0,220.0,1678.0
510.0,220.0,1679.0
520.0,220.0,1679.0
530.0,220.0,1679.0
540.0,220.0,1679.0
550.0,220.0,1677.0
560.0,220.0,1675.0
570.0,220.0,1674.0
580.0,220.0,1676.0
590.0,220.0,1679.0
600.0,220.0,1679.0
610.0,220.0,1679.0
620.0,220.0,1678.0
630.0,220.0,1674.0
640.0,220.0,1674.0
650.0,220.0,1673.0
660.0,220.0,1671.0
670.0,220.0,1670.0
680.0,220.0,1669.0
690.0,220.0,1668.0
700.0,220.0,1666.0
710.0,220.0,1666.0
720.0,220.0,1668.0
730.0,220.0,1668.0
740.0,220.0,
750.0,220.0,
0.0,230.0,
10.0,230.0,
20.0,230.0,
30.0,230.0,
40.0,230.0,
50.0,230.0,
60.0,230.0,
70.0,230.0,
80.0,230.0,
90.0,230.0,
100.0,230.0,
110.0,230.0,
120.0,230.0,
130.0,230.0,
140.0,230.0,
150.0,230.0,
160.0,230.0,
170.0,230.0,
180.0,230.0,
190.0,230.0,
200.0,230.0,1705.0
210.0,230.0,1705.0
220.0,230.0,1704.0
230.0,230.0,1704.0
240.0,230.0,1703.0
250.0,230.0,1703.0
260.0,230.0,1702.0
270.0,230.0,1701.0
280.0,230.0,1701.0
290.0,230.0,1700.0
300.0,230.0,1698.0
310.0,230.0,1696.0
320.0,230.0,1695.0
330.0,230.0,1693.0
340.0,230.0,1692.0
350.0,230.0,1691.0
360.0,230.0,1690.0
370.0,230.0,1687.0
380.0,230.0,1685.0
390.0,230.0,1683.0
400.0,230.0,1681.0
410.0,230.0,1680.0
420.0,230.0,1678.0
430.0,230.0,1677.0
440.0,230.0,1675.0
450.0,230.0,1674.0
460.0,230.0,1673.0
470.0,230.0,1673.0
480.0,230.0,1673.0
490.0,230.0,1675.0
500.0,230.0,1676.0
510.0,230.0,1677.0
520.0,230.0,1675.0
530.0,230.0,1676.0
540.0,230.0,1675.0
550.0,230.0,1675.0
560.0,230.0,1673.0
570.0,230.0,1673.0
580.0,230.0,1674.0
590.0,230.0,1675.0
600.0,230.0,1673.0
610.0,230.0,1672.0
620.0,230.0,1672.0
630.0,230.0,1672.0
640.0,230.0,1670.0
650.0,230.0,1671.0
660.0,230.0,1670.0
670.0,230.0,1669.0
680.0,230.0,1668.0
690.0,230.0,1668.0
700.0,230.0,1666.0
710.0,230.0,1665.0
720.0,230.0,1666.0
730.0,230.0,1665.0
740.0,230.0,
750.0,230.0,
0.0,240.0,
10.0,240.0,
20.0,240.0,
30.0,240.0,
40.0,240.0,
50.0,240.0,
60.0,240.0,
70.0,240.0,
80.0,240.0,
90.0,240.0,
100.0,240.0,
110.0,240.0,
120.0,240.0,
130.0,240.0,
140.0,240.0,
150.0,240.0,
160.0,240.0,
170.0,240.0,
180.0,240.0,
190.0,240.0,
200.0,240.0,1706.0
210.0,240.0,1705.0
220.0,240.0,1705.0
230.0,240.0,1704.0
240.0,240.0,1705.0
250.0,240.0,1704.0
260.0,240.0,1704.0
270.0,240.0,1703.0
280.0,240.0,1702.0
290.0,240.0,1701.0
300.0,240.0,1700.0
310.0,240.0,1698.0
320.0,240.0,1697.0
330.0,240.0,1696.0
340.0,240.0,1695.0
350.0,240.0,1694.0
360.0,240.0,1692.0
370.0,240.0,1690.0
380.0,240.0,1688.0
390.0,240.0,1686.0
400.0,240.0,1684.0
410.0,240.0,1682.0
420.0,240.0,1681.0
430.0,240.0,1679.0
440.0,240.0,1678.0
450.0,240.0,1676.0
460.0,240.0,1674.0
470.0,240.0,1672.0
480.0,240.0,1672.0
490.0,240.0,1673.0
500.0,240.0,1672.0
510.0,240.0,1673.0
520.0,240.0,1672.0
530.0,240.0,1672.0
540.0,240.0,1672.0
550.0,240.0,1673.0
560.0,240.0,1671.0
570.0,240.0,1671.0
580.0,240.0,1673.0
590.0,240.0,1673.0
600.0,240.0,1669.0
610.0,240.0,1667.0
620.0,240.0,1665.0
630.0,240.0,1666.0
640.0,240.0,1666.0
650.0,240.0,1668.0
660.0,240.0,1668.0
670.0,240.0,1667.0
680.0,240.0,1666.0
690.0,240.0,1667.0
700.0,240.0,1665.0
710.0,240.0,1664.0
720.0,240.0,1666.0
730.0,240.0,1665.0
740.0,240.0,1663.0
750.0,240.0,
0.0,250.0,
10.0,250.0,
20.0,250.0,
30.0,250.0,
40.0,250.0,
50.0,250.0,
60.0,250.0,
70.0,250.0,
80.0,250.0,
90.0,250.0,
100.0,250.0,
110.0,250.0,
120.0,250.0,
130.0,250.0,
140.0,250.0,
150.0,250.0,
160.0,250.0,
170.0,250.0,
180.0,250.0,
190.0,250.0,
200.0,250.0,1706.0
210.0,250.0,1706.0
220.0,250.0,1706.0
230.0,250.0,1705.0
240.0,250.0,1705.0
250.0,250.0,1706.0
260.0,250.0,1705.0
270.0,250.0,1704.0
280.0,250.0,1704.0
290.0,250.0,1702.0
300.0,250.0,1701.0
310.0,250.0,1701.0
320.0,250.0,1699.0
330.0,250.0,1698.0
340.0,250.0,1697.0
350.0,250.0,1695.0
360.0,250.0,1694.0
370.0,250.0,1692.0
380.0,250.0,1691.0
390.0,250.0,1689.0
400.0,250.0,1687.0
410.0,250.0,1686.0
420.0,250.0,1684.0
430.0,250.0,1682.0
440.0,250.0,1680.0
450.0,250.0,1678.0
460.0,250.0,1676.0
470.0,250.0,1674.0
480.0,250.0,1672.0
490.0,250.0,1671.0
500.0,250.0,1670.0
510.0,250.0,1671.0
520.0,250.0,1669.0
530.0,250.0,1670.0
540.0,250.0,1670.0
550.0,250.0,1670.0
560.0,250.0,1669.0
570.0,250.0,1668.0
580.0,250.0,1670.0
590.0,250.0,1667.0
600.0,250.0,1666.0
610.0,250.0,1665.0
620.0,250.0,1666.0
630.0,250.0,1664.0
640.0,250.0,1665.0
650.0,250.0,1665.0
660.0,250.0,1665.0
670.0,250.0,1665.0
680.0,250.0,1664.0
690.0,250.0,1664.0
700.0,250.0,1664.0
710.0,250.0,1663.0
720.0,250.0,1664.0
730.0,250.0,1663.0
740.0,250.0,1662.0
750.0,250.0,1661.0
0.0,260.0,
10.0,260.0,
20.0,260.0,
30.0,260.0,
40.0,260.0,
50.0,260.0,
60.0,260.0,
70.0,260.0,
80.0,260.0,
90.0,260.0,
100.0,260.0,
110.0,260.0,
120.0,260.0,
130.0,260.0,
140.0,260.0,
150.0,260.0,
160.0,260.0,
170.0,260.0,
180.0,260.0,
190.0,260.0,
200.0,260.0,1707.0
210.0,260.0,1707.0
220.0,260.0,1706.0
230.0,260.0,1706.0
240.0,260.0,1706.0
250.0,260.0,1706.0
260.0,260.0,1706.0
270.0,260.0,1705.0
280.0,260.0,1705.0
290.0,260.0,1704.0
300.0,260.0,1702.0
310.0,260.0,1702.0
320.0,260.0,1700.0
330.0,260.0,1700.0
340.0,260.0,1699.0
350.0,260.0,1697.0
360.0,260.0,1696.0
370.0,260.0,1694.0
380.0,260.0,1693.0
390.0,260.0,1691.0
400.0,260.0,1690.0
410.0,260.0,1688.0
420.0,260.0,1686.0
430.0,260.0,1685.0
440.0,260.0,1683.0
450.0,260.0,1681.0
460.0,260.0,1678.0
470.0,260.0,1676.0
480.0,260.0,1673.0
490.0,260.0,1672.0
500.0,260.0,1671.0
510.0,260.0,1670.0
520.0,260.0,1670.0
530.0,260.0,1669.0
540.0,260.0,1668.0
550.0,260.0,1668.0
560.0,260.0,1668.0
570.0,260.0,1667.0
580.0,260.0,1667.0
590.0,260.0,1666.0
600.0,260.0,1666.0
610.0,260.0,1665.0
620.0,260.0,1665.0
630.0,260.0,1664.0
640.0,260.0,1664.0
650.0,260.0,1664.0
660.0,260.0,1664.0
670.0,260.0,1664.0
680.0,260.0,1663.0
690.0,260.0,1663.0
700.0,260.0,1663.0
710.0,260.0,1662.0
720.0,260.0,1662.0
730.0,260.0,1662.0
740.0,260.0,1661.0
750.0,260.0,1660.0
0.0,270.0,
10.0,270.0,
20.0,270.0,
30.0,270.0,
40.0,270.0,
50.0,270.0,
60.0,270.0,
70.0,270.0,
80.0,270.0,
90.0,270.0,
100.0,270.0,
110.0,270.0,
120.0,270.0,
130.0,270.0,
140.0,270.0,
150.0,270.0,
160.0,270.0,
170.0,270.0,
180.0,270.0,
190.0,270.0,
200.0,270.0,
210.0,270.0,1707.0
220.0,270.0,1707.0
230.0,270.0,1707.0
240.0,270.0,1707.0
250.0,270.0,1708.0
260.0,270.0,1706.0
270.0,270.0,1706.0
280.0,270.0,1705.0
290.0,270.0,1704.0
300.0,270.0,1704.0
310.0,270.0,1702.0
320.0,270.0,1702.0
330.0,270.0,1701.0
340.0,270.0,1700.0
350.0,270.0,1699.0
360.0,270.0,1698.0
370.0,270.0,1696.0
380.0,270.0,1695.0
390.0,270.0,1694.0
400.0,270.0,1692.0
410.0,270.0,1690.0
420.0,270.0,1689.0
430.0,270.0,1688.0
440.0,270.0,1685.0
450.0,270.0,1684.0
460.0,270.0,1681.0
470.0,270.0,1679.0
480.0,270.0,1676.0
490.0,270.0,1675.0
500.0,270.0,1673.0
510.0,270.0,1673.0
520.0,270.0,1672.0
530.0,270.0,1670.0
540.0,270.0,1669.0
550.0,270.0,1669.0
560.0,270.0,1667.0
570.0,270.0,1667.0
580.0,270.0,1667.0
590.0,270.0,1666.0
600.0,270.0,1666.0
610.0,270.0,1666.0
620.0,270.0,1666.0
630.0,270.0,1665.0
640.0,270.0,1665.0
650.0,270.0,1665.0
660.0,270.0,1664.0
670.0,270.0,1663.0
680.0,270.0,1663.0
690.0,270.0,1663.0
700.0,270.0,1662.0
710.0,270.0,1662.0
720.0,270.0,1662.0
730.0,270.0,1661.0
740.0,270.0,1661.0
750.0,270.0,1661.0
0.0,280.0,
10.0,280.0,
20.0,280.0,
30.0,280.0,
40.0,280.0,
50.0,280.0,
60.0,280.0,
70.0,280.0,
80.0,280.0,
90.0,280.0,
100.0,280.0,
110.0,280.0,
120.0,280.0,
130.0,280.0,
140.0,280.0,
150.0,280.0,
160.0,280.0,
170.0,280.0,
180.0,280.0,
190.0,280.0,
200.0,280.0,
210.0,280.0,1708.0
220.0,280.0,1707.0
230.0,280.0,1707.0
240.0,280.0,1707.0
250.0,280.0,1707.0
260.0,280.0,1707.0
270.0,280.0,1706.0
280.0,280.0,1705.0
290.0,280.0,1705.0
300.0,280.0,1704.0
310.0,280.0,1703.0
320.0,280.0,1703.0
330.0,280.0,1702.0
340.0,280.0,1701.0
350.0,280.0,1700.0
360.0,280.0,1700.0
370.0,280.0,1697.0
380.0,280.0,1697.0
390.0,280.0,1695.0
400.0,280.0,1694.0
410.0,280.0,1692.0
420.0,280.0,1691.0
430.0,280.0,1689.0
440.0,280.0,1687.0
450.0,280.0,1686.0
460.0,280.0,1683.0
470.0,280.0,1681.0
480.0,280.0,1679.0
490.0,280.0,1678.0
500.0,280.0,1677.0
510.0,280.0,1675.0
520.0,280.0,1674.0
530.0,280.0,1673.0
540.0,280.0,1671.0
550.0,280.0,1669.0
560.0,280.0,1668.0
570.0,280.0,1666.0
580.0,280.0,1666.0
590.0,280.0,1667.0
600.0,280.0,1667.0
610.0,280.0,1667.0
620.0,280.0,1667.0
630.0,280.0,1666.0
640.0,280.0,1666.0
650.0,280.0,1665.0
660.0,280.0,1665.0
670.0,280.0,1664.0
680.0,280.0,1663.0
690.0,280.0,1663.0
700.0,280.0,1663.0
710.0,280.0,1663.0
720.0,280.0,1663.0
730.0,280.0,1662.0
740.0,280.0,1662.0
750.0,280.0,1662.0
0.0,290.0,
10.0,290.0,
20.0,290.0,
30.0,290.0,
40.0,290.0,
50.0,290.0,
60.0,290.0,
70.0,290.0,
80.0,290.0,
90.0,290.0,
100.0,290.0,
110.0,290.0,
120.0,290.0,
130.0,290.0,
140.0,290.0,
150.0,290.0,
160.0,290.0,
170.0,290.0,
180.0,290.0,
190.0,290.0,
200.0,290.0,
210.0,290.0,
220.0,290.0,1707.0
230.0,290.0,1707.0
240.0,290.0,1707.0
250.0,290.0,1707.0
260.0,290.0,1706.0
270.0,290.0,1706.0
280.0,290.0,1705.0
290.0,290.0,1705.0
300.0,290.0,1705.0
310.0,290.0,1704.0
320.0,290.0,1703.0
330.0,290.0,1702.0
340.0,290.0,1701.0
350.0,290.0,1701.0
360.0,290.0,1700.0
370.0,290.0,1698.0
380.0,290.0,1697.0
390.0,290.0,1696.0
400.0,290.0,1695.0
410.0,290.0,1694.0
420.0,290.0,1692.0
430.0,290.0,1690.0
440.0,290.0,1689.0
450.0,290.0,1687.0
460.0,290.0,1684.0
470.0,290.0,1683.0
480.0,290.0,1682.0
490.0,290.0,1679.0
500.0,290.0,1679.0
510.0,290.0,1677.0
520.0,290.0,1675.0
530.0,290.0,1674.0
540.0,290.0,1672.0
550.0,290.0,1670.0
560.0,290.0,1668.0
570.0,290.0,1667.0
580.0,290.0,1668.0
590.0,290.0,1668.0
600.0,290.0,1669.0
610.0,290.0,1669.0
620.0,290.0,1669.0
630.0,290.0,1668.0
640.0,290.0,1668.0
650.0,290.0,1668.0
660.0,290.0,1667.0
670.0,290.0,1666.0
680.0,290.0,1666.0
690.0,290.0,1665.0
700.0,290.0,1665.0
710.0,290.0,1665.0
720.0,290.0,1665.0
730.0,290.0,1665.0
740.0,290.0,1665.0
750.0,290.0,1665.0
0.0,300.0,
10.0,300.0,
20.0,300.0,
30.0,300.0,
40.0,300.0,
50.0,300.0,
60.0,300.0,
70.0,300.0,
80.0,300.0,
90.0,300.0,
100.0,300.0,
110.0,300.0,
120.0,300.0,
130.0,300.0,
140.0,300.0,
150.0,300.0,
160.0,300.0,
170.0,300.0,
180.0,300.0,
190.0,300.0,
200.0,300.0,
210.0,300.0,
220.0,300.0,1707.0
230.0,300.0,1707.0
240.0,300.0,1706.0
250.0,300.0,1706.0
260.0,300.0,1705.0
270.0,300.0,1705.0
280.0,300.0,1704.0
290.0,300.0,1704.0
300.0,300.0,1704.0
310.0,300.0,1703.0
320.0,300.0,1702.0
330.0,300.0,1701.0
340.0,300.0,1701.0
350.0,300.0,1701.0
360.0,300.0,1700.0
370.0,300.0,1697.0
380.0,300.0,1697.0
390.0,300.0,1697.0
400.0,300.0,1694.0
410.0,300.0,1693.0
420.0,300.0,1692.0
430.0,300.0,1690.0
440.0,300.0,1689.0
450.0,300.0,1686.0
460.0,300.0,1685.0
470.0,300.0,1682.0
480.0,300.0,1681.0
490.0,300.0,1679.0
500.0,300.0,1678.0
510.0,300.0,1676.0
520.0,300.0,1674.0
530.0,300.0,1674.0
540.0,300.0,1670.0
550.0,300.0,1668.0
560.0,300.0,1668.0
570.0,300.0,1669.0
580.0,300.0,1670.0
590.0,300.0,1670.0
600.0,300.0,1672.0
610.0,300.0,1672.0
620.0,300.0,1671.0
630.0,300.0,1671.0
640.0,300.0,1670.0
650.0,300.0,1670.0
660.0,300.0,1670.0
670.0,300.0,1669.0
680.0,300.0,1669.0
690.0,300.0,1669.0
700.0,300.0,1669.0
710.0,300.0,1669.0
720.0,300.0,1669.0
730.0,300.0,1669.0
740.0,300.0,1668.0
750.0,300.0,1669.0
0.0,310.0,
10.0,310.0,
20.0,310.0,
30.0,310.0,
40.0,310.0,
50.0,310.0,
60.0,310.0,
70.0,310.0,
80.0,310.0,
90.0,310.0,
100.0,310.0,
110.0,310.0,
120.0,310.0,
130.0,310.0,
140.0,310.0,
150.0,310.0,
160.0,310.0,
170.0,310.0,
180.0,310.0,
190.0,310.0,
200.0,310.0,
210.0,310.0,
220.0,310.0,1707.0
230.0,310.0,1706.0
240.0,310.0,1706.0
250.0,310.0,1705.0
260.0,310.0,1705.0
270.0,310.0,1704.0
280.0,310.0,1704.0
290.0,310.0,1703.0
300.0,310.0,1702.0
310.0,310.0,1701.0
320.0,310.0,1700.0
330.0,310.0,1699.0
340.0,310.0,1698.0
350.0,310.0,1698.0
360.0,310.0,1697.0
370.0,310.0,1696.0
380.0,310.0,1695.0
390.0,310.0,1695.0
400.0,310.0,1693.0
410.0,310.0,1691.0
420.0,310.0,1690.0
430.0,310.0,1688.0
440.0,310.0,1687.0
450.0,310.0,1685.0
460.0,310.0,1683.0
470.0,310.0,1681.0
480.0,310.0,1680.0
490.0,310.0,1679.0
500.0,310.0,1677.0
510.0,310.0,1675.0
520.0,310.0,1673.0
530.0,310.0,1672.0
540.0,310.0,1669.0
550.0,310.0,1668.0
560.0,310.0,1669.0
570.0,310.0,1670.0
580.0,310.0,1671.0
590.0,310.0,1673.0
600.0,310.0,1674.0
610.0,310.0,1674.0
620.0,310.0,1674.0
630.0,310.0,1673.0
640.0,310.0,1673.0
650.0,310.0,1673.0
660.0,310.0,1673.0
670.0,310.0,1673.0
680.0,310.0,1672.0
690.0,310.0,1672.0
700.0,310.0,1673.0
710.0,310.0,1673.0
720.0,310.0,1673.0
730.0,310.0,1672.0
740.0,310.0,1672.0
750.0,310.0,1672.0
0.0,320.0,
10.0,320.0,
20.0,320.0,
30.0,320.0,
40.0,320.0,
50.0,320.0,
60.0,320.0,
70.0,320.0,
80.0,320.0,
90.0,320.0,
100.0,320.0,
110.0,320.0,
120.0,320.0,
130.0,320.0,
140.0,320.0,
150.0,320.0,
160.0,320.0,
170.0,320.0,
180.0,320.0,
190.0,320.0,
200.0,320.0,1708.0
210.0,320.0,1707.0
220.0,320.0,1707.0
230.0,320.0,1706.0
240.0,320.0,1706.0
250.0,320.0,1705.0
260.0,320.0,1703.0
270.0,320.0,1703.0
280.0,320.0,1703.0
290.0,320.0,1702.0
300.0,320.0,1701.0
310.0,320.0,1699.0
320.0,320.0,1698.0
330.0,320.0,1696.0
340.0,320.0,1696.0
350.0,320.0,1695.0
360.0,320.0,1695.0
370.0,320.0,1694.0
380.0,320.0,1692.0
390.0,320.0,1691.0
400.0,320.0,1689.0
410.0,320.0,1688.0
420.0,320.0,1685.0
430.0,320.0,1685.0
440.0,320.0,1683.0
450.0,320.0,1682.0
460.0,320.0,1680.0
470.0,320.0,1679.0
480.0,320.0,1678.0
490.0,320.0,1676.0
500.0,320.0,1675.0
510.0,320.0,1673.0
520.0,320.0,1671.0
530.0,320.0,1670.0
540.0,320.0,1669.0
550.0,320.0,1669.0
560.0,320.0,1670.0
570.0,320.0,1671.0
580.0,320.0,1674.0
590.0,320.0,1675.0
600.0,320.0,1676.0
610.0,320.0,1676.0
620.0,320.0,1677.0
630.0,320.0,1676.0
640.0,320.0,1676.0
650.0,320.0,1677.0
660.0,320.0,1676.0
670.0,320.0,1677.0
680.0,320.0,1677.0
690.0,320.0,1676.0
700.0,320.0,1677.0
710.0,320.0,1676.0
720.0,320.0,1678.0
730.0,320.0,1676.0
740.0,320.0,1675.0
750.0,320.0,1676.0
0.0,330.0,
10.0,330.0,
20.0,330.0,
30.0,330.0,
40.0,330.0,
50.0,330.0,
60.0,330.0,
70.0,330.0,
80.0,330.0,
90.0,330.0,
100.0,330.0,
110.0,330.0,
120.0,330.0,
130.0,330.0,
140.0,330.0,
150.0,330.0,
160.0,330.0,
170.0,330.0,
180.0,330.0,
190.0,330.0,
200.0,330.0,1706.0
210.0,330.0,1706.0
220.0,330.0,1706.0
230.0,330.0,1705.0
240.0,330.0,1704.0
250.0,330.0,1703.0
260.0,330.0,1702.0
270.0,330.0,1700.0
280.0,330.0,1700.0
290.0,330.0,1699.0
300.0,330.0,1698.0
310.0,330.0,1697.0
320.0,330.0,1696.0
330.0,330.0,1694.0
340.0,330.0,1693.0
350.0,330.0,1692.0
360.0,330.0,1691.0
370.0,330.0,1689.0
380.0,330.0,1689.0
390.0,330.0,1688.0
400.0,330.0,1687.0
410.0,330.0,1684.0
420.0,330.0,1683.0
430.0,330.0,1681.0
440.0,330.0,1681.0
450.0,330.0,1679.0
460.0,330.0,1677.0
470.0,330.0,1677.0
480.0,330.0,1674.0
490.0,330.0,1673.0
500.0,330.0,1670.0
510.0,330.0,1670.0
520.0,330.0,1670.0
530.0,330.0,1670.0
540.0,330.0,1671.0
550.0,330.0,1672.0
560.0,330.0,1671.0
570.0,330.0,1672.0
580.0,330.0,1674.0
590.0,330.0,1678.0
600.0,330.0,1678.0
610.0,330.0,1680.0
620.0,330.0,1680.0
630.0,330.0,1680.0
640.0,330.0,1679.0
650.0,330.0,1680.0
660.0,330.0,1680.0
670.0,330.0,1680.0
680.0,330.0,1680.0
690.0,330.0,1680.0
700.0,330.0,1681.0
710.0,330.0,1680.0
720.0,330.0,1680.0
730.0,330.0,1679.0
740.0,330.0,1679.0
750.0,330.0,
0.0,340.0,
10.0,340.0,
20.0,340.0,
30.0,340.0,
40.0,340.0,
50.0,340.0,
60.0,340.0,
70.0,340.0,
80.0,340.0,
90.0,340.0,
100.0,340.0,
110.0,340.0,
120.0,340.0,
130.0,340.0,
140.0,340.0,
150.0,340.0,
160.0,340.0,
170.0,340.0,
180.0,340.0,1707.0
190.0,340.0,1706.0
200.0,340.0,1706.0
210.0,340.0,1706.0
220.0,340.0,1705.0
230.0,340.0,1705.0
240.0,340.0,1703.0
250.0,340.0,1701.0
260.0,340.0,1700.0
270.0,340.0,1699.0
280.0,340.0,1697.0
290.0,340.0,1696.0
300.0,340.0,1695.0
310.0,340.0,1694.0
320.0,340.0,1693.0
330.0,340.0,1691.0
340.0,340.0,1690.0
350.0,340.0,1688.0
360.0,340.0,1688.0
370.0,340.0,1687.0
380.0,340.0,1685.0
390.0,340.0,1685.0
400.0,340.0,1683.0
410.0,340.0,1682.0
420.0,340.0,1680.0
430.0,340.0,1678.0
440.0,340.0,1678.0
450.0,340.0,1677.0
460.0,340.0,1675.0
470.0,340.0,1673.0
480.0,340.0,1672.0
490.0,340.0,1671.0
500.0,340.0,1672.0
510.0,340.0,1673.0
520.0,340.0,1673.0
530.0,340.0,1673.0
540.0,340.0,1674.0
550.0,340.0,1675.0
560.0,340.0,1673.0
570.0,340.0,1673.0
580.0,340.0,1676.0
590.0,340.0,1679.0
600.0,340.0,1680.0
610.0,340.0,1682.0
620.0,340.0,1683.0
630.0,340.0,1684.0
640.0,340.0,1683.0
650.0,340.0,1684.0
660.0,340.0,1684.0
670.0,340.0,1683.0
680.0,340.0,1684.0
690.0,340.0,1684.0
700.0,340.0,1684.0
710.0,340.0,1683.0
720.0,340.0,1684.0
730.0,340.0,1683.0
740.0,340.0,1682.0
750.0,340.0,
0.0,350.0,
10.0,350.0,
20.0,350.0,
30.0,350.0,
40.0,350.0,
50.0,350.0,
60.0,350.0,
70.0,350.0,
80.0,350.0,
90.0,350.0,
100.0,350.0,
110.0,350.0,
120.0,350.0,
130.0,350.0,
140.0,350.0,
150.0,350.0,
160.0,350.0,
170.0,350.0,
180.0,350.0,1706.0
190.0,350.0,1706.0
200.0,350.0,1706.0
210.0,350.0,1706.0
220.0,350.0,1705.0
230.0,350.0,1704.0
240.0,350.0,1702.0
250.0,350.0,1700.0
260.0,350.0,1698.0
270.0,350.0,1696.0
280.0,350.0,1695.0
290.0,350.0,1694.0
300.0,350.0,1692.0
310.0,350.0,1691.0
320.0,350.0,1691.0
330.0,350.0,1688.0
340.0,350.0,1687.0
350.0,350.0,1686.0
360.0,350.0,1685.0
370.0,350.0,1684.0
380.0,350.0,1682.0
390.0,350.0,1682.0
400.0,350.0,1680.0
410.0,350.0,1678.0
420.0,350.0,1677.0
430.0,350.0,1675.0
440.0,350.0,1675.0
450.0,350.0,1674.0
460.0,350.0,1674.0
470.0,350.0,1673.0
480.0,350.0,1673.0
490.0,350.0,1673.0
500.0,350.0,1674.0
510.0,350.0,1675.0
520.0,350.0,1675.0
530.0,350.0,1676.0
540.0,350.0,1676.0
550.0,350.0,1677.0
560.0,350.0,1676.0
570.0,350.0,1675.0
580.0,350.0,1677.0
590.0,350.0,1680.0
600.0,350.0,1683.0
610.0,350.0,1684.0
620.0,350.0,1687.0
630.0,350.0,1686.0
640.0,350.0,1687.0
650.0,350.0,1688.0
660.0,350.0,1687.0
670.0,350.0,1688.0
680.0,350.0,1687.0
690.0,350.0,1688.0
700.0,350.0,1687.0
710.0,350.0,1687.0
720.0,350.0,1687.0
730.0,350.0,1687.0
740.0,350.0,1686.0
750.0,350.0,
0.0,360.0,
10.0,360.0,
20.0,360.0,
30.0,360.0,
40.0,360.0,
50.0,360.0,
60.0,360.0,
70.0,360.0,
80.0,360.0,
90.0,360.0,
100.0,360.0,
110.0,360.0,
120.0,360.0,
130.0,360.0,
140.0,360.0,
150.0,360.0,
160.0,360.0,
170.0,360.0,
180.0,360.0,1706.0
190.0,360.0,1705.0
200.0,360.0,1706.0
210.0,360.0,1705.0
220.0,360.0,1705.0
230.0,360.0,1703.0
240.0,360.0,1701.0
250.0,360.0,1699.0
260.0,360.0,1696.0
270.0,360.0,1694.0
280.0,360.0,1692.0
290.0,360.0,1691.0
300.0,360.0,1690.0
310.0,360.0,1688.0
320.0,360.0,1687.0
330.0,360.0,1685.0
340.0,360.0,1683.0
350.0,360.0,1682.0
360.0,360.0,1681.0
370.0,360.0,1680.0
380.0,360.0,1678.0
390.0,360.0,1679.0
400.0,360.0,1676.0
410.0,360.0,1676.0
420.0,360.0,1676.0
430.0,360.0,1675.0
440.0,360.0,1675.0
450.0,360.0,1675.0
460.0,360.0,1675.0
470.0,360.0,1675.0
480.0,360.0,1675.0
490.0,360.0,1674.0
500.0,360.0,1676.0
510.0,360.0,1677.0
520.0,360.0,1678.0
530.0,360.0,1679.0
540.0,360.0,1679.0
550.0,360.0,1679.0
560.0,360.0,1677.0
570.0,360.0,1676.0
580.0,360.0,1678.0
590.0,360.0,1681.0
600.0,360.0,1684.0
610.0,360.0,1686.0
620.0,360.0,1688.0
630.0,360.0,1688.0
640.0,360.0,1689.0
650.0,360.0,1691.0
660.0,360.0,1691.0
670.0,360.0,1691.0
680.0,360.0,1690.0
690.0,360.0,1691.0
700.0,360.0,1689.0
710.0,360.0,1690.0
720.0,360.0,1690.0
730.0,360.0,1690.0
740.0,360.0,1689.0
750.0,360.0,
0.0,370.0,
10.0,370.0,
20.0,370.0,
30.0,370.0,
40.0,370.0,
50.0,370.0,
60.0,370.0,
70.0,370.0,
80.0,370.0,
90.0,370.0,
100.0,370.0,
110.0,370.0,
120.0,370.0,
130.0,370.0,
140.0,370.0,
150.0,370.0,
160.0,370.0,
170.0,370.0,
180.0,370.0,
190.0,370.0,
200.0,370.0,1705.0
210.0,370.0,1705.0
220.0,370.0,1704.0
230.0,370.0,1702.0
240.0,370.0,1700.0
250.0,370.0,1698.0
260.0,370.0,1696.0
270.0,370.0,1692.0
280.0,370.0,1690.0
290.0,370.0,1688.0
300.0,370.0,1685.0
310.0,370.0,1685.0
320.0,370.0,1684.0
330.0,370.0,1681.0
340.0,370.0,1680.0
350.0,370.0,1680.0
360.0,370.0,1679.0
370.0,370.0,1678.0
380.0,370.0,1678.0
390.0,370.0,1678.0
400.0,370.0,1677.0
410.0,370.0,1677.0
420.0,370.0,1676.0
430.0,370.0,1675.0
440.0,370.0,1677.0
450.0,370.0,1677.0
460.0,370.0,1677.0
470.0,370.0,1678.0
480.0,370.0,1678.0
490.0,370.0,1677.0
500.0,370.0,1677.0
510.0,370.0,1679.0
520.0,370.0,1681.0
530.0,370.0,1682.0
540.0,370.0,1682.0
550.0,370.0,1681.0
560.0,370.0,1679.0
570.0,370.0,1678.0
580.0,370.0,1680.0
590.0,370.0,1683.0
600.0,370.0,1686.0
610.0,370.0,1688.0
620.0,370.0,1689.0
630.0,370.0,1690.0
640.0,370.0,1692.0
650.0,370.0,1691.0
660.0,370.0,1691.0
670.0,370.0,1692.0
680.0,370.0,1692.0
690.0,370.0,1692.0
700.0,370.0,1692.0
710.0,370.0,1691.0
720.0,370.0,1690.0
730.0,370.0,1692.0
740.0,370.0,
750.0,370.0,
0.0,380.0,
10.0,380.0,
20.0,380.0,
30.0,380.0,
40.0,380.0,
50.0,380.0,
60.0,380.0,
70.0,380.0,
80.0,380.0,
90.0,380.0,
100.0,380.0,
110.0,380.0,
120.0,380.0,
130.0,380.0,
140.0,380.0,
150.0,380.0,
160.0,380.0,
170.0,380.0,
180.0,380.0,
190.0,380.0,1706.0
200.0,380.0,1705.0
210.0,380.0,1704.0
220.0,380.0,1703.0
230.0,380.0,1702.0
240.0,380.0,1700.0
250.0,380.0,1696.0
260.0,380.0,1695.0
270.0,380.0,1692.0
280.0,380.0,1689.0
290.0,380.0,1686.0
300.0,380.0,1684.0
310.0,380.0,1682.0
320.0,380.0,1682.0
330.0,380.0,1682.0
340.0,380.0,1681.0
350.0,380.0,1681.0
360.0,380.0,1681.0
370.0,380.0,1680.0
380.0,380.0,1680.0
390.0,380.0,1680.0
400.0,380.0,1680.0
410.0,380.0,1679.0
420.0,380.0,1677.0
430.0,380.0,1677.0
440.0,380.0,1679.0
450.0,380.0,1680.0
460.0,380.0,1680.0
470.0,380.0,1681.0
480.0,380.0,1680.0
490.0,380.0,1679.0
500.0,380.0,1680.0
510.0,380.0,1681.0
520.0,380.0,1683.0
530.0,380.0,1684.0
540.0,380.0,1684.0
550.0,380.0,1683.0
560.0,380.0,1681.0
570.0,380.0,1681.0
580.0,380.0,1682.0
590.0,380.0,1685.0
600.0,380.0,1687.0
610.0,380.0,1689.0
620.0,380.0,1691.0
630.0,380.0,1693.0
640.0,380.0,1694.0
650.0,380.0,1691.0
660.0,380.0,1693.0
670.0,380.0,
680.0,380.0,
690.0,380.0,
700.0,380.0,
710.0,380.0,
720.0,380.0,
730.0,380.0,
740.0,380.0,
750.0,380.0,
0.0,390.0,
10.0,390.0,
20.0,390.0,
30.0,390.0,
40.0,390.0,
50.0,390.0,
60.0,390.0,
70.0,390.0,
80.0,390.0,
90.0,390.0,
100.0,390.0,
110.0,390.0,
120.0,390.0,
130.0,390.0,
140.0,390.0,
150.0,390.0,
160.0,390.0,
170.0,390.0,
180.0,390.0,
190.0,390.0,1705.0
200.0,390.0,1704.0
210.0,390.0,1704.0
220.0,390.0,1702.0
230.0,390.0,1701.0
240.0,390.0,1699.0
250.0,390.0,1696.0
260.0,390.0,1694.0
270.0,390.0,1691.0
280.0,390.0,1688.0
290.0,390.0,1685.0
300.0,390.0,1684.0
310.0,390.0,1684.0
320.0,390.0,1684.0
330.0,390.0,1684.0
340.0,390.0,1683.0
350.0,390.0,1683.0
360.0,390.0,1684.0
370.0,390.0,1683.0
380.0,390.0,1683.0
390.0,390.0,1683.0
400.0,390.0,1682.0
410.0,390.0,1681.0
420.0,390.0,1679.0
430.0,390.0,1678.0
440.0,390.0,1681.0
450.0,390.0,1683.0
460.0,390.0,1683.0
470.0,390.0,1683.0
480.0,390.0,1683.0
490.0,390.0,1682.0
500.0,390.0,1683.0
510.0,390.0,1684.0
520.0,390.0,1686.0
530.0,390.0,1687.0
540.0,390.0,1686.0
550.0,390.0,1685.0
560.0,390.0,1684.0
570.0,390.0,1684.0
580.0,390.0,1685.0
590.0,390.0,1687.0
600.0,390.0,1689.0
610.0,390.0,1691.0
620.0,390.0,1693.0
630.0,390.0,1693.0
640.0,390.0,1695.0
650.0,390.0,1694.0
660.0,390.0,1694.0
670.0,390.0,
680.0,390.0,
690.0,390.0,
700.0,390.0,
710.0,390.0,
720.0,390.0,
730.0,390.0,
740.0,390.0,
750.0,390.0,
0.0,400.0,
10.0,400.0,
20.0,400.0,
30.0,400.0,
40.0,400.0,
50.0,400.0,
60.0,400.0,
70.0,400.0,
80.0,400.0,
90.0,400.0,
100.0,400.0,
110.0,400.0,
120.0,400.0,
130.0,400.0,
140.0,400.0,
150.0,400.0,
160.0,400.0,
170.0,400.0,
180.0,400.0,
190.0,400.0,
200.0,400.0,1704.0
210.0,400.0,1704.0
220.0,400.0,1703.0
230.0,400.0,1701.0
240.0,400.0,1698.0
250.0,400.0,1696.0
260.0,400.0,1694.0
270.0,400.0,1691.0
280.0,400.0,1688.0
290.0,400.0,1687.0
300.0,400.0,1686.0
310.0,400.0,1686.0
320.0,400.0,1687.0
330.0,400.0,1687.0
340.0,400.0,1686.0
350.0,400.0,1687.0
360.0,400.0,1687.0
370.0,400.0,1687.0
380.0,400.0,1686.0
390.0,400.0,1686.0
400.0,400.0,1685.0
410.0,400.0,1683.0
420.0,400.0,1681.0
430.0,400.0,1681.0
440.0,400.0,1683.0
450.0,400.0,1685.0
460.0,400.0,1686.0
470.0,400.0,1686.0
480.0,400.0,1686.0
490.0,400.0,1686.0
500.0,400.0,1686.0
510.0,400.0,1687.0
520.0,400.0,1688.0
530.0,400.0,1689.0
540.0,400.0,1689.0
550.0,400.0,1688.0
560.0,400.0,1687.0
570.0,400.0,1686.0
580.0,400.0,1688.0
590.0,400.0,1689.0
600.0,400.0,1691.0
610.0,400.0,1694.0
620.0,400.0,1695.0
630.0,400.0,1695.0
640.0,400.0,1696.0
650.0,400.0,
660.0,400.0,
670.0,400.0,
680.0,400.0,
690.0,400.0,
700.0,400.0,
710.0,400.0,
720.0,400.0,
730.0,400.0,
740.0,400.0,
750.0,400.0,
0.0,410.0,
10.0,410.0,
20.0,410.0,
30.0,410.0,
40.0,410.0,
50.0,410.0,
60.0,410.0,
70.0,410.0,
80.0,410.0,
90.0,410.0,
100.0,410.0,
110.0,410.0,
120.0,410.0,
130.0,410.0,
140.0,410.0,
150.0,410.0,
160.0,410.0,
170.0,410.0,
180.0,410.0,
190.0,410.0,
200.0,410.0,
210.0,410.0,1704.0
220.0,410.0,1703.0
230.0,410.0,1701.0
240.0,410.0,1699.0
250.0,410.0,1696.0
260.0,410.0,1694.0
270.0,410.0,1692.0
280.0,410.0,1690.0
290.0,410.0,1689.0
300.0,410.0,1689.0
310.0,410.0,1689.0
320.0,410.0,1690.0
330.0,410.0,1690.0
340.0,410.0,1690.0
350.0,410.0,1690.0
360.0,410.0,1690.0
370.0,410.0,1690.0
380.0,410.0,1690.0
390.0,410.0,1689.0
400.0,410.0,1688.0
410.0,410.0,1685.0
420.0,410.0,1684.0
430.0,410.0,1683.0
440.0,410.0,1686.0
450.0,410.0,1688.0
460.0,410.0,1689.0
470.0,410.0,1689.0
480.0,410.0,1689.0
490.0,410.0,1689.0
500.0,410.0,1689.0
510.0,410.0,1690.0
520.0,410.0,1691.0
530.0,410.0,1692.0
540.0,410.0,1692.0
550.0,410.0,1691.0
560.0,410.0,1690.0
570.0,410.0,1690.0
580.0,410.0,1691.0
590.0,410.0,1692.0
600.0,410.0,1694.0
610.0,410.0,1696.0
620.0,410.0,1696.0
630.0,410.0,1697.0
640.0,410.0,
650.0,410.0,
660.0,410.0,
670.0,410.0,
680.0,410.0,
690.0,410.0,
700.0,410.0,
710.0,410.0,
720.0,410.0,
730.0,410.0,
740.0,410.0,
750.0,410.0,
0.0,420.0,
10.0,420.0,
20.0,420.0,
30.0,420.0,
40.0,420.0,
50.0,420.0,
60.0,420.0,
70.0,420.0,
80.0,420.0,
90.0,420.0,
100.0,420.0,
110.0,420.0,
120.0,420.0,
130.0,420.0,
140.0,420.0,
150.0,420.0,
160.0,420.0,
170.0,420.0,
180.0,420.0,
190.0,420.0,
200.0,420.0,
210.0,420.0,1704.0
220.0,420.0,1702.0
230.0,420.0,1702.0
240.0,420.0,1700.0
250.0,420.0,1698.0
260.0,420.0,1695.0
270.0,420.0,1694.0
280.0,420.0,1693.0
290.0,420.0,1692.0
300.0,420.0,1692.0
310.0,420.0,1693.0
320.0,420.0,1693.0
330.0,420.0,1693.0
340.0,420.0,1694.0
350.0,420.0,1693.0
360.0,420.0,1694.0
370.0,420.0,1693.0
380.0,420.0,1692.0
390.0,420.0,1692.0
400.0,420.0,1690.0
410.0,420.0,1688.0
420.0,420.0,1686.0
430.0,420.0,1686.0
440.0,420.0,1688.0
450.0,420.0,1691.0
460.0,420.0,1692.0
470.0,420.0,1693.0
480.0,420.0,1691.0
490.0,420.0,1692.0
500.0,420.0,1692.0
510.0,420.0,1694.0
520.0,420.0,1694.0
530.0,420.0,1695.0
540.0,420.0,1694.0
550.0,420.0,1693.0
560.0,420.0,1692.0
570.0,420.0,1692.0
580.0,420.0,1693.0
590.0,420.0,1695.0
600.0,420.0,1696.0
610.0,420.0,1697.0
620.0,420.0,1698.0
630.0,420.0,
640.0,420.0,
650.0,420.0,
660.0,420.0,
670.0,420.0,
680.0,420.0,
690.0,420.0,
700.0,420.0,
710.0,420.0,
720.0,420.0,
730.0,420.0,
740.0,420.0,
750.0,420.0,
0.0,430.0,
10.0,430.0,
20.0,430.0,
30.0,430.0,
40.0,430.0,
50.0,430.0,
60.0,430.0,
70.0,430.0,
80.0,430.0,
90.0,430.0,
100.0,430.0,
110.0,430.0,
120.0,430.0,
130.0,430.0,
140.0,430.0,
150.0,430.0,
160.0,430.0,
170.0,430.0,
180.0,430.0,
190.0,430.0,
200.0,430.0,
210.0,430.0,1704.0
220.0,430.0,1704.0
230.0,430.0,1703.0
240.0,430.0,1701.0
250.0,430.0,1699.0
260.0,430.0,1698.0
270.0,430.0,1697.0
280.0,430.0,1696.0
290.0,430.0,1696.0
300.0,430.0,1695.0
310.0,430.0,1695.0
320.0,430.0,1696.0
330.0,430.0,1697.0
340.0,430.0,1697.0
350.0,430.0,1697.0
360.0,430.0,1697.0
370.0,430.0,1696.0
380.0,430.0,1696.0
390.0,430.0,1695.0
400.0,430.0,1693.0
410.0,430.0,1691.0
420.0,430.0,1689.0
430.0,430.0,1689.0
440.0,430.0,1691.0
450.0,430.0,1692.0
460.0,430.0,1695.0
470.0,430.0,1696.0
480.0,430.0,1695.0
490.0,430.0,1695.0
500.0,430.0,1695.0
510.0,430.0,1696.0
520.0,430.0,1697.0
530.0,430.0,1698.0
540.0,430.0,1698.0
550.0,430.0,1697.0
560.0,430.0,1695.0
570.0,430.0,1695.0
580.0,430.0,1696.0
590.0,430.0,1698.0
600.0,430.0,1698.0
610.0,430.0,1700.0
620.0,430.0,
630.0,430.0,
640.0,430.0,
650.0,430.0,
660.0,430.0,
670.0,430.0,
680.0,430.0,
690.0,430.0,
700.0,430.0,
710.0,430.0,
720.0,430.0,
730.0,430.0,
740.0,430.0,
750.0,430.0,
0.0,440.0,
10.0,440.0,
20.0,440.0,
30.0,440.0,
40.0,440.0,
50.0,440.0,
60.0,440.0,
70.0,440.0,
80.0,440.0,
90.0,440.0,
100.0,440.0,
110.0,440.0,
120.0,440.0,
130.0,440.0,
140.0,440.0,
150.0,440.0,
160.0,440.0,
170.0,440.0,
180.0,440.0,
190.0,440.0,
200.0,440.0,
210.0,440.0,1705.0
220.0,440.0,1704.0
230.0,440.0,1704.0
240.0,440.0,1702.0
250.0,440.0,1701.0
260.0,440.0,1700.0
270.0,440.0,1699.0
280.0,440.0,1698.0
290.0,440.0,1698.0
300.0,440.0,1698.0
310.0,440.0,1699.0
320.0,440.0,1698.0
330.0,440.0,1700.0
340.0,440.0,1699.0
350.0,440.0,1699.0
360.0,440.0,1699.0
370.0,440.0,1700.0
380.0,440.0,1699.0
390.0,440.0,1697.0
400.0,440.0,1696.0
410.0,440.0,1693.0
420.0,440.0,1693.0
430.0,440.0,1693.0
440.0,440.0,1694.0
450.0,440.0,1696.0
460.0,440.0,1698.0
470.0,440.0,1698.0
480.0,440.0,1698.0
490.0,440.0,1698.0
500.0,440.0,1699.0
510.0,440.0,1699.0
520.0,440.0,1700.0
530.0,440.0,1701.0
540.0,440.0,1700.0
550.0,440.0,1700.0
560.0,440.0,1699.0
570.0,440.0,1698.0
580.0,440.0,1699.0
590.0,440.0,1699.0
600.0,440.0,1701.0
610.0,440.0,1701.0
620.0,440.0,
630.0,440.0,
640.0,440.0,
650.0,440.0,
660.0,440.0,
670.0,440.0,
680.0,440.0,
690.0,440.0,
700.0,440.0,
710.0,440.0,
720.0,440.0,
730.0,440.0,
740.0,440.0,
750.0,440.0,
0.0,450.0,
10.0,450.0,
20.0,450.0,
30.0,450.0,
40.0,450.0,
50.0,450.0,
60.0,450.0,
70.0,450.0,
80.0,450.0,
90.0,450.0,
100.0,450.0,
110.0,450.0,
120.0,450.0,
130.0,450.0,
140.0,450.0,
150.0,450.0,
160.0,450.0,
170.0,450.0,
180.0,450.0,
190.0,450.0,
200.0,450.0,
210.0,450.0,
220.0,450.0,
230.0,450.0,1704.0
240.0,450.0,1704.0
250.0,450.0,1703.0
260.0,450.0,1702.0
270.0,450.0,1702.0
280.0,450.0,1701.0
290.0,450.0,1700.0
300.0,450.0,1701.0
310.0,450.0,1701.0
320.0,450.0,1701.0
330.0,450.0,1702.0
340.0,450.0,1702.0
350.0,450.0,1702.0
360.0,450.0,1703.0
370.0,450.0,1702.0
380.0,450.0,1701.0
390.0,450.0,1699.0
400.0,450.0,1698.0
410.0,450.0,1696.0
420.0,450.0,1697.0
430.0,450.0,1695.0
440.0,450.0,1696.0
450.0,450.0,1699.0
460.0,450.0,1700.0
470.0,450.0,1699.0
480.0,450.0,1700.0
490.0,450.0,1700.0
500.0,450.0,1702.0
510.0,450.0,1702.0
520.0,450.0,1702.0
530.0,450.0,1702.0
540.0,450.0,1703.0
550.0,450.0,1702.0
560.0,450.0,1701.0
570.0,450.0,1701.0
580.0,450.0,1701.0
590.0,450.0,1701.0
600.0,450.0,1702.0
610.0,450.0,
620.0,450.0,
630.0,450.0,
640.0,450.0,
650.0,450.0,
660.0,450.0,
670.0,450.0,
680.0,450.0,
690.0,450.0,
700.0,450.0,
710.0,450.0,
720.0,450.0,
730.0,450.0,
740.0,450.0,
750.0,450.0,
0.0,460.0,
10.0,460.0,
20.0,460.0,
30.0,460.0,
40.0,460.0,
50.0,460.0,
60.0,460.0,
70.0,460.0,
80.0,460.0,
90.0,460.0,
100.0,460.0,
110.0,460.0,
120.0,460.0,
130.0,460.0,
140.0,460.0,
150.0,460.0,
160.0,460.0,
170.0,460.0,
180.0,460.0,
190.0,460.0,
200.0,460.0,
210.0,460.0,
220.0,460.0,
230.0,460.0,1705.0
240.0,460.0,1704.0
250.0,460.0,1704.0
260.0,460.0,1704.0
270.0,460.0,1703.0
280.0,460.0,1702.0
290.0,460.0,1702.0
300.0,460.0,1703.0
310.0,460.0,1702.0
320.0,460.0,1703.0
330.0,460.0,1704.0
340.0,460.0,1703.0
350.0,460.0,1704.0
360.0,460.0,1704.0
370.0,460.0,1703.0
380.0,460.0,1702.0
390.0,460.0,1701.0
400.0,460.0,1700.0
410.0,460.0,1699.0
420.0,460.0,1699.0
430.0,460.0,1698.0
440.0,460.0,1700.0
450.0,460.0,1701.0
460.0,460.0,1702.0
470.0,460.0,1703.0
480.0,460.0,1703.0
490.0,460.0,1704.0
500.0,460.0,1704.0
510.0,460.0,1704.0
520.0,460.0,1704.0
530.0,460.0,1704.0
540.0,460.0,1705.0
550.0,460.0,1703.0
560.0,460.0,1702.0
570.0,460.0,1702.0
580.0,460.0,1702.0
590.0,460.0,1703.0
600.0,460.0,
610.0,460.0,
620.0,460.0,
630.0,460.0,
640.0,460.0,
650.0,460.0,
660.0,460.0,
670.0,460.0,
680.0,460.0,
690.0,460.0,
700.0,460.0,
710.0,460.0,
720.0,460.0,
730.0,460.0,
740.0,460.0,
750.0,460.0,
0.0,470.0,
10.0,470.0,
20.0,470.0,
30.0,470.0,
40.0,470.0,
50.0,470.0,
60.0,470.0,
70.0,470.0,
80.0,470.0,
90.0,470.0,
100.0,470.0,
110.0,470.0,
120.0,470.0,
130.0,470.0,
140.0,470.0,
150.0,470.0,
160.0,470.0,
170.0,470.0,
180.0,470.0,
190.0,470.0,
200.0,470.0,
210.0,470.0,
220.0,470.0,
230.0,470.0,
240.0,470.0,1705.0
250.0,470.0,1705.0
260.0,470.0,1705.0
270.0,470.0,1704.0
280.0,470.0,1704.0
290.0,470.0,1704.0
300.0,470.0,1704.0
310.0,470.0,1705.0
320.0,470.0,1704.0
330.0,470.0,1705.0
340.0,470.0,1705.0
350.0,470.0,1705.0
360.0,470.0,1706.0
370.0,470.0,1704.0
380.0,470.0,1704.0
390.0,470.0,1704.0
400.0,470.0,1703.0
410.0,470.0,1702.0
420.0,470.0,1702.0
430.0,470.0,1701.0
440.0,470.0,1702.0
450.0,470.0,1702.0
460.0,470.0,1704.0
470.0,470.0,1704.0
480.0,470.0,1705.0
490.0,470.0,1704.0
500.0,470.0,1704.0
510.0,470.0,1704.0
520.0,470.0,1705.0
530.0,470.0,1705.0
540.0,470.0,1703.0
550.0,470.0,1705.0
560.0,470.0,1704.0
570.0,470.0,1704.0
580.0,470.0,1704.0
590.0,470.0,1705.0
600.0,470.0,
610.0,470.0,
620.0,470.0,
630.0,470.0,
640.0,470.0,
650.0,470.0,
660.0,470.0,
670.0,470.0,
680.0,470.0,
690.0,470.0,
700.0,470.0,
710.0,470.0,
720.0,470.0,
730.0,470.0,
740.0,470.0,
750.0,470.0,
0.0,480.0,
10.0,480.0,
20.0,480.0,
30.0,480.0,
40.0,480.0,
50.0,480.0,
60.0,480.0,
70.0,480.0,
80.0,480.0,
90.0,480.0,
100.0,480.0,
110.0,480.0,
120.0,480.0,
130.0,480.0,
140.0,480.0,
150.0,480.0,
160.0,480.0,
170.0,480.0,
180.0,480.0,
190.0,480.0,
200.0,480.0,
210.0,480.0,
220.0,480.0,
230.0,480.0,
240.0,480.0,
250.0,480.0,
260.0,480.0,1705.0
270.0,480.0,1705.0
280.0,480.0,1705.0
290.0,480.0,1705.0
300.0,480.0,1705.0
310.0,480.0,1706.0
320.0,480.0,1706.0
330.0,480.0,1707.0
340.0,480.0,1706.0
350.0,480.0,1706.0
360.0,480.0,1707.0
370.0,480.0,1706.0
380.0,480.0,1706.0
390.0,480.0,1705.0
400.0,480.0,1704.0
410.0,480.0,1704.0
420.0,480.0,1703.0
430.0,480.0,1704.0
440.0,480.0,1704.0
450.0,480.0,1703.0
460.0,480.0,1704.0
470.0,480.0,1705.0
480.0,480.0,1704.0
490.0,480.0,1704.0
500.0,480.0,1705.0
510.0,480.0,1706.0
520.0,480.0,1705.0
530.0,480.0,1706.0
540.0,480.0,1704.0
550.0,480.0,1704.0
560.0,480.0,
570.0,480.0,
580.0,480.0,
590.0,480.0,
600.0,480.0,
610.0,480.0,
620.0,480.0,
630.0,480.0,
640.0,480.0,
650.0,480.0,
660.0,480.0,
670.0,480.0,
680.0,480.0,
690.0,480.0,
700.0,480.0,
710.0,480.0,
720.0,480.0,
730.0,480.0,
740.0,480.0,
750.0,480.0,
0.0,490.0,
10.0,490.0,
20.0,490.0,
30.0,490.0,
40.0,490.0,
50.0,490.0,
60.0,490.0,
70.0,490.0,
80.0,490.0,
90.0,490.0,
100.0,490.0,
110.0,490.0,
120.0,490.0,
130.0,490.0,
140.0,490.0,
150.0,490.0,
160.0,490.0,
170.0,490.0,
180.0,490.0,
190.0,490.0,
200.0,490.0,
210.0,490.0,
220.0,490.0,
230.0,490.0,
240.0,490.0,
250.0,490.0,
260.0,490.0,
270.0,490.0,1706.0
280.0,490.0,1706.0
290.0,490.0,1706.0
300.0,490.0,1706.0
310.0,490.0,1706.0
320.0,490.0,1707.0
330.0,490.0,1707.0
340.0,490.0,1707.0
350.0,490.0,1707.0
360.0,490.0,1707.0
370.0,490.0,1707.0
380.0,490.0,1707.0
390.0,490.0,1706.0
400.0,490.0,1706.0
410.0,490.0,1705.0
420.0,490.0,1705.0
430.0,490.0,1705.0
440.0,490.0,1705.0
450.0,490.0,1705.0
460.0,490.0,1706.0
470.0,490.0,1707.0
480.0,490.0,1706.0
490.0,490.0,1705.0
500.0,490.0,1705.0
510.0,490.0,1705.0
520.0,490.0,1705.0
530.0,490.0,1707.0
540.0,490.0,1705.0
550.0,490.0,
560.0,490.0,
570.0,490.0,
580.0,490.0,
590.0,490.0,
600.0,490.0,
610.0,490.0,
620.0,490.0,
630.0,490.0,
640.0,490.0,
650.0,490.0,
660.0,490.0,
670.0,490.0,
680.0,490.0,
690.0,490.0,
700.0,490.0,
710.0,490.0,
720.0,490.0,
730.0,490.0,
740.0,490.0,
750.0,490.0,
0.0,500.0,
10.0,500.0,
20.0,500.0,
30.0,500.0,
40.0,500.0,
50.0,500.0,
60.0,500.0,
70.0,500.0,
80.0,500.0,
90.0,500.0,
100.0,500.0,
110.0,500.0,
120.0,500.0,
130.0,500.0,
140.0,500.0,
150.0,500.0,
160.0,500.0,
170.0,500.0,
180.0,500.0,
190.0,500.0,
200.0,500.0,
210.0,500.0,
220.0,500.0,
230.0,500.0,
240.0,500.0,
250.0,500.0,
260.0,500.0,
270.0,500.0,
280.0,500.0,
290.0,500.0,
300.0,500.0,
310.0,500.0,1708.0
320.0,500.0,1707.0
330.0,500.0,1707.0
340.0,500.0,1708.0
350.0,500.0,1708.0
360.0,500.0,1707.0
370.0,500.0,1707.0
380.0,500.0,1707.0
390.0,500.0,1708.0
400.0,500.0,1707.0
410.0,500.0,1707.0
420.0,500.0,1706.0
430.0,500.0,1706.0
440.0,500.0,1705.0
450.0,500.0,1705.0
460.0,500.0,1707.0
470.0,500.0,1706.0
480.0,500.0,1705.0
490.0,500.0,1706.0
500.0,500.0,
510.0,500.0,1706.0
520.0,500.0,1706.0
530.0,500.0,
540.0,500.0,
550.0,500.0,
560.0,500.0,
570.0,500.0,
580.0,500.0,
590.0,500.0,
600.0,500.0,
610.0,500.0,
620.0,500.0,
630.0,500.0,
640.0,500.0,
650.0,500.0,
660.0,500.0,
670.0,500.0,
680.0,500.0,
690.0,500.0,
700.0,500.0,
710.0,500.0,
720.0,500.0,
730.0,500.0,
740.0,500.0,
750.0,500.0,
0.0,510.0,
10.0,510.0,
20.0,510.0,
30.0,510.0,
40.0,510.0,
50.0,510.0,
60.0,510.0,
70.0,510.0,
80.0,510.0,
90.0,510.0,
100.0,510.0,
110.0,510.0,
120.0,510.0,
130.0,510.0,
140.0,510.0,
150.0,510.0,
160.0,510.0,
170.0,510.0,
180.0,510.0,
190.0,510.0,
200.0,510.0,
210.0,510.0,
220.0,510.0,
230.0,510.0,
240.0,510.0,
250.0,510.0,
260.0,510.0,
270.0,510.0,
280.0,510.0,
290.0,510.0,
300.0,510.0,
310.0,510.0,
320.0,510.0,1708.0
330.0,510.0,1708.0
340.0,510.0,1709.0
350.0,510.0,1708.0
360.0,510.0,1708.0
370.0,510.0,1708.0
380.0,510.0,1707.0
390.0,510.0,1708.0
400.0,510.0,1708.0
410.0,510.0,1707.0
420.0,510.0,1707.0
430.0,510.0,1707.0
440.0,510.0,1706.0
450.0,510.0,1705.0
460.0,510.0,1706.0
470.0,510.0,1706.0
480.0,510.0,1706.0
490.0,510.0,
500.0,510.0,
510.0,510.0,
520.0,510.0,
530.0,510.0,
540.0,510.0,
550.0,510.0,
560.0,510.0,
570.0,510.0,
580.0,510.0,
590.0,510.0,
600.0,510.0,
610.0,510.0,
620.0,510.0,
630.0,510.0,
640.0,510.0,
650.0,510.0,
660.0,510.0,
670.0,510.0,
680.0,510.0,
690.0,510.0,
700.0,510.0,
710.0,510.0,
720.0,510.0,
730.0,510.0,
740.0,510.0,
750.0,510.0,
0.0,520.0,
10.0,520.0,
20.0,520.0,
30.0,520.0,
40.0,520.0,
50.0,520.0,
60.0,520.0,
70.0,520.0,
80.0,520.0,
90.0,520.0,
100.0,520.0,
110.0,520.0,
120.0,520.0,
130.0,520.0,
140.0,520.0,
150.0,520.0,
160.0,520.0,
170.0,520.0,
180.0,520.0,
190.0,520.0,
200.0,520.0,
210.0,520.0,
220.0,520.0,
230.0,520.0,
240.0,520.0,
250.0,520.0,
260.0,520.0,
270.0,520.0,
280.0,520.0,
290.0,520.0,
300.0,520.0,
310.0,520.0,
320.0,520.0,
330.0,520.0,
340.0,520.0,
350.0,520.0,
360.0,520.0,1708.0
370.0,520.0,1708.0
380.0,520.0,1708.0
390.0,520.0,
400.0,520.0,1707.0
410.0,520.0,1708.0
420.0,520.0,
430.0,520.0,1708.0
440.0,520.0,1706.0
450.0,520.0,1706.0
460.0,520.0,1706.0
470.0,520.0,
480.0,520.0,
490.0,520.0,
500.0,520.0,
510.0,520.0,
520.0,520.0,
530.0,520.0,
540.0,520.0,
550.0,520.0,
560.0,520.0,
570.0,520.0,
580.0,520.0,
590.0,520.0,
600.0,520.0,
610.0,520.0,
620.0,520.0,
630.0,520.0,
640.0,520.0,
650.0,520.0,
660.0,520.0,
670.0,520.0,
680.0,520.0,
690.0,520.0,
700.0,520.0,
710.0,520.0,
720.0,520.0,
730.0,520.0,
740.0,520.0,
750.0,520.0,
0.0,530.0,
10.0,530.0,
20.0,530.0,
30.0,530.0,
40.0,530.0,
50.0,530.0,
60.0,530.0,
70.0,530.0,
80.0,530.0,
90.0,530.0,
100.0,530.0,
110.0,530.0,
120.0,530.0,
130.0,530.0,
140.0,530.0,
150.0,530.0,
160.0,530.0,
170.0,530.0,
180.0,530.0,
190.0,530.0,
200.0,530.0,
210.0,530.0,
220.0,530.0,
230.0,530.0,
240.0,530.0,
250.0,530.0,
260.0,530.0,
270.0,530.0,
280.0,530.0,
290.0,530.0,
300.0,530.0,
310.0,530.0,
320.0,530.0,
330.0,530.0,
340.0,530.0,
350.0,530.0,
360.0,530.0,
370.0,530.0,
380.0,530.0,
390.0,530.0,
400.0,530.0,
410.0,530.0,
420.0,530.0,
430.0,530.0,
440.0,530.0,
450.0,530.0,
460.0,530.0,
470.0,530.0,
480.0,530.0,
490.0,530.0,
500.0,530.0,
510.0,530.0,
520.0,530.0,
530.0,530.0,
540.0,530.0,
550.0,530.0,
560.0,530.0,
570.0,530.0,
580.0,530.0,
590.0,530.0,
600.0,530.0,
610.0,530.0,
620.0,530.0,
630.0,530.0,
640.0,530.0,
650.0,530.0,
660.0,530.0,
670.0,530.0,
680.0,530.0,
690.0,530.0,
700.0,530.0,
710.0,530.0,
720.0,530.0,
730.0,530.0,
740.0,530.0,
750.0,530.0,
0.0,540.0,
10.0,540.0,
20.0,540.0,
30.0,540.0,
40.0,540.0,
50.0,540.0,
60.0,540.0,
70.0,540.0,
80.0,540.0,
90.0,540.0,
100.0,540.0,
110.0,540.0,
120.0,540.0,
130.0,540.0,
140.0,540.0,
150.0,540.0,
160.0,540.0,
170.0,540.0,
180.0,540.0,
190.0,540.0,
200.0,540.0,
210.0,540.0,
220.0,540.0,
230.0,540.0,
240.0,540.0,
250.0,540.0,
260.0,540.0,
270.0,540.0,
280.0,540.0,
290.0,540.0,
300.0,540.0,
310.0,540.0,
320.0,540.0,
330.0,540.0,
340.0,540.0,
350.0,540.0,
360.0,540.0,
370.0,540.0,
380.0,540.0,
390.0,540.0,
400.0,540.0,
410.0,540.0,
420.0,540.0,
430.0,540.0,
440.0,540.0,
450.0,540.0,
460.0,540.0,
470.0,540.0,
480.0,540.0,
490.0,540.0,
500.0,540.0,
510.0,540.0,
520.0,540.0,
530.0,540.0,
540.0,540.0,
550.0,540.0,
560.0,540.0,
570.0,540.0,
580.0,540.0,
590.0,540.0,
600.0,540.0,
610.0,540.0,
620.0,540.0,
630.0,540.0,
640.0,540.0,
650.0,540.0,
660.0,540.0,
670.0,540.0,
680.0,540.0,
690.0,540.0,
700.0,540.0,
710.0,540.0,
720.0,540.0,
730.0,540.0,
740.0,540.0,
750.0,540.0,
